curve,f,R1_pred,R2_pred,height,sp1,sp2,arrays,bits_in,bits_1,bits_2,units_1,and2,ext2,checks,cyc1,cyc2,cyc3,cyctot,perf_cycles
ex:10,1 0 0 0 0 0 1,0.00010812608038205194,1.7383553740523243e-06,25000,8,14,2800000,625012500,74961,9824,70478,180800,39732,809,20674744,12499572,240478,40161966,74092778
ex:10,1 0 0 0 0 0 1,0.00010812608038205194,1.1964342457022108e-07,25000,8,18,2800000,625012500,74961,8541,70478,217636,10827,57,21024728,12619694,29794,41455244,75966071
ex:10,1 0 0 0 0 0 1,0.00010812608038205194,1.0230444209174729e-08,25000,8,22,2800000,625012500,74961,5264,70478,250426,5264,1,21730028,13038362,5210,43410754,80214457
ex:10,1 0 0 0 0 0 1,0.00010812608038205194,1.3824073675608417e-09,25000,8,26,2800000,625012500,74961,4380,70478,269650,4380,1,22176322,13472910,4668,44816986,83213283
ex:10,1 0 0 0 0 0 1,1.3528446176657286e-05,1.7383553740523243e-06,25000,11,14,2800000,625012500,18199,9824,18114,42481,39732,809,27653298,9600404,242968,44034928,80988223
ex:10,1 0 0 0 0 0 1,1.3528446176657286e-05,1.1964342457022108e-07,25000,11,18,2800000,625012500,18199,8541,18114,79317,10827,57,28464328,9326378,27376,45810308,84070922
ex:10,1 0 0 0 0 0 1,1.3528446176657286e-05,1.0230444209174729e-08,25000,11,22,2800000,625012500,18199,5264,18114,112107,5264,1,29273884,9452016,9246,47327710,87409303
ex:10,1 0 0 0 0 0 1,1.3528446176657286e-05,1.3824073675608417e-09,25000,11,26,2800000,625012500,18199,4380,18114,131331,4380,1,29830682,9627904,5088,49472490,91264448
ex:10,1 0 0 0 0 0 1,1.7383553740523243e-06,1.7383553740523243e-06,25000,14,14,2800000,625012500,9824,9824,9823,0,39732,809,33887292,5834834,243808,46982364,86137638
ex:10,1 0 0 0 0 0 1,1.7383553740523243e-06,1.1964342457022108e-07,25000,14,18,2800000,625012500,9824,8541,9823,36836,10827,57,36607146,8835156,29784,54009846,96402122
ex:10,1 0 0 0 0 0 1,1.7383553740523243e-06,1.0230444209174729e-08,25000,14,22,2800000,625012500,9824,5264,9823,69626,5264,1,36124236,8769766,37764,53823060,100232609
ex:10,1 0 0 0 0 0 1,1.7383553740523243e-06,1.3824073675608417e-09,25000,14,26,2800000,625012500,9824,4380,9823,88850,4380,1,36380274,8876404,5018,55539056,102152164
ex:10,1 0 0 0 0 0 1,2.306646394082025e-07,1.1964342457022108e-07,25000,17,18,2800000,625012500,8740,8541,8740,8740,10827,57,43545966,8446878,27318,59915020,111138486
ex:10,1 0 0 0 0 0 1,2.306646394082025e-07,1.0230444209174729e-08,25000,17,22,2800000,625012500,8740,5264,8740,41530,5264,1,44035244,8774240,4830,61438244,115328024
ex:10,1 0 0 0 0 0 1,2.306646394082025e-07,1.3824073675608417e-09,25000,17,26,2800000,625012500,8740,4380,8740,60754,4380,1,45476090,8685754,4834,64688538,119206569
ex:10,1 0 0 0 0 0 1,0.00010812608038205194,1.7383553740523243e-06,75000,8,14,22800000,5625037500,618188,35612,577167,1278237,320740,7537,129317298,100262790,1909460,254332238,481407748
ex:10,1 0 0 0 0 0 1,0.00010812608038205194,1.1964342457022108e-07,75000,8,18,22800000,5625037500,618188,25987,577167,1400113,46624,537,132271978,99867628,188242,256943224,486852198
ex:10,1 0 0 0 0 0 1,0.00010812608038205194,1.0230444209174729e-08,75000,8,22,22800000,5625037500,618188,15721,577167,1498899,16737,33,138724238,102782054,40660,273571484,499097090
ex:10,1 0 0 0 0 0 1,0.00010812608038205194,1.3824073675608417e-09,75000,8,26,22800000,5625037500,618188,12925,577167,1556085,13052,5,139488460,101419046,26546,271724504,513095883
ex:10,1 0 0 0 0 0 1,1.3528446176657286e-05,1.7383553740523243e-06,75000,11,14,22800000,5625037500,103825,35612,103073,212481,320740,7537,170130062,68817984,1924434,265609996,503362047
ex:10,1 0 0 0 0 0 1,1.3528446176657286e-05,1.1964342457022108e-07,75000,11,18,22800000,5625037500,103825,25987,103073,334357,46624,537,181524950,71799648,190340,285367138,512337952
ex:10,1 0 0 0 0 0 1,1.3528446176657286e-05,1.0230444209174729e-08,75000,11,22,22800000,5625037500,103825,15721,103073,433143,16737,33,182187464,65772276,24578,278469770,526522180
ex:10,1 0 0 0 0 0 1,1.3528446176657286e-05,1.3824073675608417e-09,75000,11,26,22800000,5625037500,103825,12925,103073,490329,13052,5,186698920,65815322,15790,285239616,541075314
ex:10,1 0 0 0 0 0 1,1.7383553740523243e-06,1.7383553740523243e-06,75000,14,14,22800000,5625037500,35612,35612,35599,0,320740,7537,213723106,44637860,1880216,285699958,542495556
ex:10,1 0 0 0 0 0 1,1.7383553740523243e-06,1.1964342457022108e-07,75000,14,18,22800000,5625037500,35612,25987,35599,121876,46624,537,224533944,64102044,176688,316673806,599164989
ex:10,1 0 0 0 0 0 1,1.7383553740523243e-06,1.0230444209174729e-08,75000,14,22,22800000,5625037500,35612,15721,35599,220662,16737,33,233593816,60857338,39100,325888910,617909719
ex:10,1 0 0 0 0 0 1,1.7383553740523243e-06,1.3824073675608417e-09,75000,14,26,22800000,5625037500,35612,12925,35599,277848,13052,5,238087384,59524060,14226,331483380,627287666
ex:10,1 0 0 0 0 0 1,2.306646394082025e-07,1.1964342457022108e-07,75000,17,18,22800000,5625037500,26938,25987,26938,26938,46624,537,299593066,66002190,229912,398585450,751050300
ex:10,1 0 0 0 0 0 1,2.306646394082025e-07,1.0230444209174729e-08,75000,17,22,22800000,5625037500,26938,15721,26938,125724,16737,33,307045682,63377106,34378,410980424,731411995
ex:10,1 0 0 0 0 0 1,2.306646394082025e-07,1.3824073675608417e-09,75000,17,26,22800000,5625037500,26938,12925,26938,182910,13052,5,299691920,58028026,18396,395236174,749444050
ex:10,1 0 0 0 0 0 1,0.00010812608038205194,1.7383553740523243e-06,150000,8,14,88800000,22500075000,2415435,89947,2248730,4763418,1250458,30673,454362538,384693366,7794984,915647616,1721681293
ex:10,1 0 0 0 0 0 1,0.00010812608038205194,1.1964342457022108e-07,150000,8,18,88800000,22500075000,2415435,53095,2248730,5042335,132210,2069,472046474,384353354,717058,931002544,1726946711
ex:10,1 0 0 0 0 0 1,0.00010812608038205194,1.0230444209174729e-08,150000,8,22,88800000,22500075000,2415435,31446,2248730,5241769,36780,161,489052562,388978564,114416,966390090,1757069534
ex:10,1 0 0 0 0 0 1,0.00010812608038205194,1.3824073675608417e-09,150000,8,26,88800000,22500075000,2415435,25756,2248730,5355955,26391,21,496106920,394080928,45756,978562696,1775891549
ex:10,1 0 0 0 0 0 1,1.3528446176657286e-05,1.7383553740523243e-06,150000,11,14,88800000,22500075000,354542,89947,351451,680398,1250458,30673,616356168,264591160,7823500,963729388,1792580255
ex:10,1 0 0 0 0 0 1,1.3528446176657286e-05,1.1964342457022108e-07,150000,11,18,88800000,22500075000,354542,53095,351451,959315,132210,2069,693412884,292125068,736050,1070883352,1762388940
ex:10,1 0 0 0 0 0 1,1.3528446176657286e-05,1.0230444209174729e-08,150000,11,22,88800000,22500075000,354542,31446,351451,1158749,36780,161,758722186,300769596,111862,1158048816,1815286562
ex:10,1 0 0 0 0 0 1,1.3528446176657286e-05,1.3824073675608417e-09,150000,11,26,88800000,22500075000,354542,25756,351451,1272935,26391,21,770266766,301405552,48838,1174904336,1861182676
ex:10,1 0 0 0 0 0 1,1.7383553740523243e-06,1.7383553740523243e-06,150000,14,14,88800000,22500075000,89947,89947,89883,0,1250458,30673,960780240,208279978,9588530,1268813294,1927513413
ex:10,1 0 0 0 0 0 1,1.7383553740523243e-06,1.1964342457022108e-07,150000,14,18,88800000,22500075000,89947,53095,89883,278917,132210,2069,940324620,285750500,801142,1318028204,2065209976
ex:10,1 0 0 0 0 0 1,1.7383553740523243e-06,1.0230444209174729e-08,150000,14,22,88800000,22500075000,89947,31446,89883,478351,36780,161,988646186,287194378,138782,1381540604,2114144654
ex:10,1 0 0 0 0 0 1,1.7383553740523243e-06,1.3824073675608417e-09,150000,14,26,88800000,22500075000,89947,25756,89883,592537,26391,21,977763886,281566216,50328,1368537120,2142202328
ex:10,1 0 0 0 0 0 1,2.306646394082025e-07,1.1964342457022108e-07,150000,17,18,88800000,22500075000,56316,53095,56316,56316,132210,2069,1225804460,274496930,846394,1598418892,2541568176
ex:10,1 0 0 0 0 0 1,2.306646394082025e-07,1.0230444209174729e-08,150000,17,22,88800000,22500075000,56316,31446,56316,255750,36780,161,1211414418,264079942,122238,1583069708,2534105796
ex:10,1 0 0 0 0 0 1,2.306646394082025e-07,1.3824073675608417e-09,150000,17,26,88800000,22500075000,56316,25756,56316,369936,26391,21,1314744120,287082262,59382,1718747880,2649224237
ex:52,1 -2 0 2 -2 0 1,0.0031617908043403403,7.095817682064266e-05,25000,8,14,3519216,506184555,1622203,72075,1212823,2899768,2026017,29049,30050206,104660716,10632012,159685836,242049724
ex:52,1 -2 0 2 -2 0 1,0.0031617908043403403,7.357681078848142e-06,25000,8,18,3519216,506184555,1622203,38311,1212823,3115432,957425,3070,30880744,94837322,1377514,142966186,220934474
ex:52,1 -2 0 2 -2 0 1,0.0031617908043403403,1.0241590950480844e-06,25000,8,22,3519216,506184555,1622203,31016,1212823,3254994,755284,396,31696700,92064842,256674,141337056,222836602
ex:52,1 -2 0 2 -2 0 1,0.0031617908043403403,2.2403732739917415e-07,25000,8,26,3519216,506184555,1622203,26191,1212823,3370117,636500,82,33585036,94759848,81406,145665524,225765603
ex:52,1 -2 0 2 -2 0 1,0.00045704524570158706,7.095817682064266e-05,25000,11,14,3519216,506184555,265430,72075,253655,511115,2026017,29049,39466390,43516232,9510562,107139458,165870238
ex:52,1 -2 0 2 -2 0 1,0.00045704524570158706,7.357681078848142e-06,25000,11,18,3519216,506184555,265430,38311,253655,726779,957425,3070,40422468,36098660,1308400,93525502,144296352
ex:52,1 -2 0 2 -2 0 1,0.00045704524570158706,1.0241590950480844e-06,25000,11,22,3519216,506184555,265430,31016,253655,866341,755284,396,43088658,35687788,239024,96260266,147844067
ex:52,1 -2 0 2 -2 0 1,0.00045704524570158706,2.2403732739917415e-07,25000,11,26,3519216,506184555,265430,26191,253655,981464,636500,82,45072044,37034642,87936,100833888,151456669
ex:52,1 -2 0 2 -2 0 1,7.095817682064266e-05,7.095817682064266e-05,25000,14,14,3519216,506184555,72075,72075,71617,0,2026017,29049,49046300,22799914,9495586,95337608,147666412
ex:52,1 -2 0 2 -2 0 1,7.095817682064266e-05,7.357681078848142e-06,25000,14,18,3519216,506184555,72075,38311,71617,215664,957425,3070,50694094,20504462,1308802,86913878,134228002
ex:52,1 -2 0 2 -2 0 1,7.095817682064266e-05,1.0241590950480844e-06,25000,14,22,3519216,506184555,72075,31016,71617,355226,755284,396,53107228,20121916,260794,90868960,138829425
ex:52,1 -2 0 2 -2 0 1,7.095817682064266e-05,2.2403732739917415e-07,25000,14,26,3519216,506184555,72075,26191,71617,470349,636500,82,56871566,20886088,74890,95318534,143512528
ex:52,1 -2 0 2 -2 0 1,1.238306745494407e-05,7.357681078848142e-06,25000,17,18,3519216,506184555,41887,38311,41844,41844,957425,3070,64949126,17522640,1329052,99235032,149581232
ex:52,1 -2 0 2 -2 0 1,1.238306745494407e-05,1.0241590950480844e-06,25000,17,22,3519216,506184555,41887,31016,41844,181406,755284,396,64404268,16790134,230518,98094976,151424352
ex:52,1 -2 0 2 -2 0 1,1.238306745494407e-05,2.2403732739917415e-07,25000,17,26,3519216,506184555,41887,26191,41844,296529,636500,82,69692290,17034110,73966,104655280,158971455
ex:52,1 -2 0 2 -2 0 1,0.0031617908043403403,7.095817682064266e-05,75000,8,14,28351600,4555539205,14390524,428296,10725596,24809182,12906044,259683,180906444,861000250,72904894,1161507732,1868234949
ex:52,1 -2 0 2 -2 0 1,0.0031617908043403403,7.357681078848142e-06,75000,8,18,28351600,4555539205,14390524,136553,10725596,25883045,3571230,26723,184879420,778359926,10554384,1021724884,1655897594
ex:52,1 -2 0 2 -2 0 1,0.0031617908043403403,1.0241590950480844e-06,75000,8,22,28351600,4555539205,14390524,95647,10725596,26348072,2355670,3719,204832918,823750560,2222120,1086107140,1652856882
ex:52,1 -2 0 2 -2 0 1,0.0031617908043403403,2.2403732739917415e-07,75000,8,26,28351600,4555539205,14390524,77847,10725596,26697426,1899283,820,200000050,789443362,665146,1046873780,1663052166
ex:52,1 -2 0 2 -2 0 1,0.00045704524570158706,7.095817682064266e-05,75000,11,14,28351600,4555539205,2168330,428296,2069565,3940377,12906044,259683,238670748,336392268,69405644,690433780,1121630436
ex:52,1 -2 0 2 -2 0 1,0.00045704524570158706,7.357681078848142e-06,75000,11,18,28351600,4555539205,2168330,136553,2069565,5014240,3571230,26723,250551884,267343426,10192970,576644558,922771322
ex:52,1 -2 0 2 -2 0 1,0.00045704524570158706,1.0241590950480844e-06,75000,11,22,28351600,4555539205,2168330,95647,2069565,5479267,2355670,3719,261805440,264114196,1878778,580884080,916929459
ex:52,1 -2 0 2 -2 0 1,0.00045704524570158706,2.2403732739917415e-07,75000,11,26,28351600,4555539205,2168330,77847,2069565,5828621,1899283,820,261840044,257184364,540670,577239344,924560036
ex:52,1 -2 0 2 -2 0 1,7.095817682064266e-05,7.095817682064266e-05,75000,14,14,28351600,4555539205,428296,428296,425276,0,12906044,259683,311320284,174232786,70341340,601741702,964431559
ex:52,1 -2 0 2 -2 0 1,7.095817682064266e-05,7.357681078848142e-06,75000,14,18,28351600,4555539205,428296,136553,425276,1073863,3571230,26723,316055874,136845808,10172918,511445576,817179653
ex:52,1 -2 0 2 -2 0 1,7.095817682064266e-05,1.0241590950480844e-06,75000,14,22,28351600,4555539205,428296,95647,425276,1538890,2355670,3719,330036520,130323330,1704672,514609628,822510886
ex:52,1 -2 0 2 -2 0 1,7.095817682064266e-05,2.2403732739917415e-07,75000,14,26,28351600,4555539205,428296,77847,425276,1888244,1899283,820,346760836,132767834,491746,535519662,830506650
ex:52,1 -2 0 2 -2 0 1,1.238306745494407e-05,7.357681078848142e-06,75000,17,18,28351600,4555539205,162280,136553,162096,162096,3571230,26723,444465418,117314494,10840030,624691620,962581618
ex:52,1 -2 0 2 -2 0 1,1.238306745494407e-05,1.0241590950480844e-06,75000,17,22,28351600,4555539205,162280,95647,162096,627123,2355670,3719,466460040,110949026,2016406,642473028,952121075
ex:52,1 -2 0 2 -2 0 1,1.238306745494407e-05,2.2403732739917415e-07,75000,17,26,28351600,4555539205,162280,77847,162096,976477,1899283,820,455733032,109996594,511162,625215676,945606591
ex:52,1 -2 0 2 -2 0 1,0.0031617908043403403,7.095817682064266e-05,150000,8,14,110022768,18222035017,57382779,1495790,42726519,98029312,46390458,1040483,691080068,3598085712,284051984,4709008428,7288904725
ex:52,1 -2 0 2 -2 0 1,0.0031617908043403403,7.357681078848142e-06,150000,8,18,110022768,18222035017,57382779,338890,42726519,101465364,9262853,107419,663303468,3119271226,40641696,3958196620,6406030000
ex:52,1 -2 0 2 -2 0 1,0.0031617908043403403,1.0241590950480844e-06,150000,8,22,110022768,18222035017,57382779,199814,42726519,102538112,4992380,14977,674499510,3072782978,8582556,3892948282,6341594045
ex:52,1 -2 0 2 -2 0 1,0.0031617908043403403,2.2403732739917415e-07,150000,8,26,110022768,18222035017,57382779,156291,42726519,103254568,3829113,3272,680646216,3087547116,2730550,3922129510,6365545990
ex:52,1 -2 0 2 -2 0 1,0.00045704524570158706,7.095817682064266e-05,150000,11,14,110022768,18222035017,8465957,1495790,8077221,15128259,46390458,1040483,896421068,1344180522,267609142,2645802836,4207707091
ex:52,1 -2 0 2 -2 0 1,0.00045704524570158706,7.357681078848142e-06,150000,11,18,110022768,18222035017,8465957,338890,8077221,18564311,9262853,107419,887229160,1004423082,38681016,2062467416,3331205443
ex:52,1 -2 0 2 -2 0 1,0.00045704524570158706,1.0241590950480844e-06,150000,11,22,110022768,18222035017,8465957,199814,8077221,19637059,4992380,14977,903305666,976454602,6929278,2025337652,3270972508
ex:52,1 -2 0 2 -2 0 1,0.00045704524570158706,2.2403732739917415e-07,150000,11,26,110022768,18222035017,8465957,156291,8077221,20353515,3829113,3272,942123780,989975690,2115984,2078293698,3308393913
ex:52,1 -2 0 2 -2 0 1,7.095817682064266e-05,7.095817682064266e-05,150000,14,14,110022768,18222035017,1495790,1495790,1485016,0,46390458,1040483,1121534056,671800264,260668892,2187705244,3553485966
ex:52,1 -2 0 2 -2 0 1,7.095817682064266e-05,7.357681078848142e-06,150000,14,18,110022768,18222035017,1495790,338890,1485016,3436052,9262853,107419,1216258824,531043338,40482262,1929354912,2950229968
ex:52,1 -2 0 2 -2 0 1,7.095817682064266e-05,1.0241590950480844e-06,150000,14,22,110022768,18222035017,1495790,199814,1485016,4508800,4992380,14977,1271914982,510697490,7332390,1937128308,2923020510
ex:52,1 -2 0 2 -2 0 1,7.095817682064266e-05,2.2403732739917415e-07,150000,14,26,110022768,18222035017,1495790,156291,1485016,5225256,3829113,3272,1297096700,502989310,2252796,1971182500,2969230094
ex:52,1 -2 0 2 -2 0 1,1.238306745494407e-05,7.357681078848142e-06,150000,17,18,110022768,18222035017,435878,338890,435392,435392,9262853,107419,1683126090,453555002,42779678,2328069206,3455607850
ex:52,1 -2 0 2 -2 0 1,1.238306745494407e-05,1.0241590950480844e-06,150000,17,22,110022768,18222035017,435878,199814,435392,1508140,4992380,14977,1722089594,420743046,7312542,2309642112,3356301021
ex:52,1 -2 0 2 -2 0 1,1.238306745494407e-05,2.2403732739917415e-07,150000,17,26,110022768,18222035017,435878,156291,435392,2224596,3829113,3272,1617466850,391651918,1799448,2164868338,3360032054
ex:241,4 4 -4 -5 -5 -4 4,0.004908268481149597,0.00013863029897816578,25000,8,14,3338896,579892517,2882612,132336,1823813,4739539,3962762,64625,29789778,145135398,20892838,207240744,323633215
ex:241,4 4 -4 -5 -5 -4 4,0.004908268481149597,1.7004180782605477e-05,25000,8,18,3338896,579892517,2882612,59623,1823813,5110021,1639025,7809,29900138,127234584,3605486,172777280,268187710
ex:241,4 4 -4 -5 -5 -4 4,0.004908268481149597,3.3831932743919976e-06,25000,8,22,3338896,579892517,2882612,44265,1823813,5316891,1188008,1544,31668646,126163336,884128,172914414,267233111
ex:241,4 4 -4 -5 -5 -4 4,0.004908268481149597,8.827584771976144e-07,25000,8,26,3338896,579892517,2882612,35060,1823813,5477698,935968,362,32991924,126082672,302454,173381926,269004831
ex:241,4 4 -4 -5 -5 -4 4,0.0007936102388103519,0.00013863029897816578,25000,11,14,3338896,579892517,507580,132336,465772,944745,3962762,64625,37161536,69826734,20047636,137825772,218736895
ex:241,4 4 -4 -5 -5 -4 4,0.0007936102388103519,1.7004180782605477e-05,25000,11,18,3338896,579892517,507580,59623,465772,1315227,1639025,7809,39726872,54755534,3544112,110582404,170120968
ex:241,4 4 -4 -5 -5 -4 4,0.0007936102388103519,3.3831932743919976e-06,25000,11,22,3338896,579892517,507580,44265,465772,1522097,1188008,1544,40538106,52996608,837384,107853256,166054895
ex:241,4 4 -4 -5 -5 -4 4,0.0007936102388103519,8.827584771976144e-07,25000,11,26,3338896,579892517,507580,35060,465772,1682904,935968,362,42158452,53116986,271668,110223746,169309756
ex:241,4 4 -4 -5 -5 -4 4,0.00013863029897816578,0.00013863029897816578,25000,14,14,3338896,579892517,132336,132336,129829,0,3962762,64625,48248568,39280588,20420344,118675066,184319768
ex:241,4 4 -4 -5 -5 -4 4,0.00013863029897816578,1.7004180782605477e-05,25000,14,18,3338896,579892517,132336,59623,129829,370482,1639025,7809,50829420,28483174,3503410,94688682,146398549
ex:241,4 4 -4 -5 -5 -4 4,0.00013863029897816578,3.3831932743919976e-06,25000,14,22,3338896,579892517,132336,44265,129829,577352,1188008,1544,51278728,26938776,831388,91917976,141966941
ex:241,4 4 -4 -5 -5 -4 4,0.00013863029897816578,8.827584771976144e-07,25000,14,26,3338896,579892517,132336,35060,129829,738159,935968,362,52912442,27301642,268460,94237538,145015867
ex:241,4 4 -4 -5 -5 -4 4,2.7818720919242157e-05,1.7004180782605477e-05,25000,17,18,3338896,579892517,66667,59623,66162,66162,1639025,7809,62196204,21475042,3486134,99792780,153334801
ex:241,4 4 -4 -5 -5 -4 4,2.7818720919242157e-05,3.3831932743919976e-06,25000,17,22,3338896,579892517,66667,44265,66162,273032,1188008,1544,63580502,20049046,836782,97593694,150354067
ex:241,4 4 -4 -5 -5 -4 4,2.7818720919242157e-05,8.827584771976144e-07,25000,17,26,3338896,579892517,66667,35060,66162,433839,935968,362,65202378,20236890,280820,100436828,153449016
ex:241,4 4 -4 -5 -5 -4 4,0.004908268481149597,0.00013863029897816578,75000,8,14,28122480,5218983614,25661106,876109,16258201,41178859,27355599,583568,183708476,1242988824,156906096,1624960714,2646452917
ex:241,4 4 -4 -5 -5 -4 4,0.004908268481149597,1.7004180782605477e-05,75000,8,18,28122480,5218983614,25661106,237692,16258201,43290870,6821812,71069,192804592,1094240212,28845612,1356211246,2176157325
ex:241,4 4 -4 -5 -5 -4 4,0.004908268481149597,3.3831932743919976e-06,75000,8,22,28122480,5218983614,25661106,144073,16258201,44050305,3931879,13876,198605448,1083059266,7110360,1331699360,2131455142
ex:241,4 4 -4 -5 -5 -4 4,0.004908268481149597,8.827584771976144e-07,75000,8,26,28122480,5218983614,25661106,106670,16258201,44560754,2870517,3557,199010848,1074963692,2332806,1319986430,2129281503
ex:241,4 4 -4 -5 -5 -4 4,0.0007936102388103519,0.00013863029897816578,75000,11,14,28122480,5218983614,4267755,876109,3923027,7637989,27355599,583568,243186748,583185142,154764182,1017657184,1639571758
ex:241,4 4 -4 -5 -5 -4 4,0.0007936102388103519,1.7004180782605477e-05,75000,11,18,28122480,5218983614,4267755,237692,3923027,9750000,6821812,71069,255421350,417460988,28206482,739343390,1180927936
ex:241,4 4 -4 -5 -5 -4 4,0.0007936102388103519,3.3831932743919976e-06,75000,11,22,28122480,5218983614,4267755,144073,3923027,10509435,3931879,13876,262167772,398116226,6766440,709657432,1133690516
ex:241,4 4 -4 -5 -5 -4 4,0.0007936102388103519,8.827584771976144e-07,75000,11,26,28122480,5218983614,4267755,106670,3923027,11019884,2870517,3557,268971254,399804520,2053946,714294828,1134198962
ex:241,4 4 -4 -5 -5 -4 4,0.00013863029897816578,0.00013863029897816578,75000,14,14,28122480,5218983614,876109,876109,861899,0,27355599,583568,322181512,317249092,155115006,831750824,1334899321
ex:241,4 4 -4 -5 -5 -4 4,0.00013863029897816578,1.7004180782605477e-05,75000,14,18,28122480,5218983614,876109,237692,861899,2112011,6821812,71069,333862280,198760202,27815986,600338222,948089321
ex:241,4 4 -4 -5 -5 -4 4,0.00013863029897816578,3.3831932743919976e-06,75000,14,22,28122480,5218983614,876109,144073,861899,2871446,3931879,13876,347226574,183590704,6593794,581129702,916497969
ex:241,4 4 -4 -5 -5 -4 4,0.00013863029897816578,8.827584771976144e-07,75000,14,26,28122480,5218983614,876109,106670,861899,3381895,2870517,3557,342850994,178868996,1977570,568291138,908005976
ex:241,4 4 -4 -5 -5 -4 4,2.7818720919242157e-05,1.7004180782605477e-05,75000,17,18,28122480,5218983614,295961,237692,294652,294652,6821812,71069,427999312,145461004,28377676,641595314,1017347458
ex:241,4 4 -4 -5 -5 -4 4,2.7818720919242157e-05,3.3831932743919976e-06,75000,17,22,28122480,5218983614,295961,144073,294652,1054087,3931879,13876,435064076,130961280,6533176,615772874,976562175
ex:241,4 4 -4 -5 -5 -4 4,2.7818720919242157e-05,8.827584771976144e-07,75000,17,26,28122480,5218983614,295961,106670,294652,1564536,2870517,3557,441244572,127598928,1935550,616656692,983136287
ex:241,4 4 -4 -5 -5 -4 4,0.004908268481149597,0.00013863029897816578,150000,8,14,110547664,20875885410,102364718,3184144,64864670,163204133,100905611,2330830,678813888,5034996342,573367588,6398383212,10524219700
ex:241,4 4 -4 -5 -5 -4 4,0.004908268481149597,1.7004180782605477e-05,150000,8,18,110547664,20875885410,102364718,650975,64864670,170417647,19312062,285181,704428876,4404116188,102635424,5326836318,8642316523
ex:241,4 4 -4 -5 -5 -4 4,0.004908268481149597,3.3831932743919976e-06,150000,8,22,110547664,20875885410,102364718,321867,64864670,172345241,8953505,56027,732367700,4408987080,27482994,5294853608,8473016751
ex:241,4 4 -4 -5 -5 -4 4,0.004908268481149597,8.827584771976144e-07,150000,8,26,110547664,20875885410,102364718,220104,64864670,173449991,5965857,14495,727656136,4346301186,8970518,5211337138,8449027684
ex:241,4 4 -4 -5 -5 -4 4,0.0007936102388103519,0.00013863029897816578,150000,11,14,110547664,20875885410,16764457,3184144,15419159,29667492,100905611,2330830,887049350,2263607392,560352436,3819747790,6267166715
ex:241,4 4 -4 -5 -5 -4 4,0.0007936102388103519,1.7004180782605477e-05,150000,11,18,110547664,20875885410,16764457,650975,15419159,36881006,19312062,285181,909115838,1599999836,98313956,2723101232,4391132862
ex:241,4 4 -4 -5 -5 -4 4,0.0007936102388103519,3.3831932743919976e-06,150000,11,22,110547664,20875885410,16764457,321867,15419159,38808600,8953505,56027,976346960,1584412448,26668550,2719103056,4255462218
ex:241,4 4 -4 -5 -5 -4 4,0.0007936102388103519,8.827584771976144e-07,150000,11,26,110547664,20875885410,16764457,220104,15419159,39913350,5965857,14495,986852810,1555369798,8165974,2678818930,4235539200
ex:241,4 4 -4 -5 -5 -4 4,0.00013863029897816578,0.00013863029897816578,150000,14,14,110547664,20875885410,3184144,3184144,3134884,0,100905611,2330830,1205362988,1248350762,567867068,3135357628,5089199200
ex:241,4 4 -4 -5 -5 -4 4,0.00013863029897816578,1.7004180782605477e-05,150000,14,18,110547664,20875885410,3184144,650975,3134884,7213514,19312062,285181,1235330418,734646152,97517636,2183149648,3471888727
ex:241,4 4 -4 -5 -5 -4 4,0.00013863029897816578,3.3831932743919976e-06,150000,14,22,110547664,20875885410,3184144,321867,3134884,9141108,8953505,56027,1251948870,668189866,25265378,2076336852,3249427083
ex:241,4 4 -4 -5 -5 -4 4,0.00013863029897816578,8.827584771976144e-07,150000,14,26,110547664,20875885410,3184144,220104,3134884,10245858,5965857,14495,1249796658,643747170,7525488,2035672254,3252511556
ex:241,4 4 -4 -5 -5 -4 4,2.7818720919242157e-05,1.7004180782605477e-05,150000,17,18,110547664,20875885410,879550,650975,876379,876379,19312062,285181,1592221820,532430180,96080336,2343062618,3749421594
ex:241,4 4 -4 -5 -5 -4 4,2.7818720919242157e-05,3.3831932743919976e-06,150000,17,22,110547664,20875885410,879550,321867,876379,2803973,8953505,56027,1592277468,462398480,23958420,2202054358,3510541561
ex:241,4 4 -4 -5 -5 -4 4,2.7818720919242157e-05,8.827584771976144e-07,150000,17,26,110547664,20875885410,879550,220104,876379,3908723,5965857,14495,1636696528,458754344,7346856,2238985010,3583502963
ex:490,49 -66 -41 3 68 -1 4,0.006501398523095622,0.00024817842222974167,25000,8,14,3134144,690765431,4543619,249139,2246618,6789022,7749160,137215,26160288,164723540,35920936,237333170,377183126
ex:490,49 -66 -41 3 68 -1 4,0.006501398523095622,4.729590486497646e-05,25000,8,18,3134144,690765431,4543619,106669,2246618,7476114,3178962,25969,27451748,132319722,9499538,180066140,283697992
ex:490,49 -66 -41 3 68 -1 4,0.006501398523095622,1.20556718307387e-05,25000,8,22,3134144,690765431,4543619,75002,2246618,7838110,2183612,6536,29290806,128407178,3102864,172291070,267616008
ex:490,49 -66 -41 3 68 -1 4,0.006501398523095622,4.825392530364654e-06,25000,8,26,3134144,690765431,4543619,56165,2246618,8102372,1626124,2517,29900688,128362160,1425406,172588724,266637336
ex:490,49 -66 -41 3 68 -1 4,0.001238062576701439,0.00024817842222974167,25000,11,14,3134144,690765431,929220,249139,789740,1654408,7749160,137215,33958618,110969588,34803120,189635732,306236257
ex:490,49 -66 -41 3 68 -1 4,0.001238062576701439,4.729590486497646e-05,25000,11,18,3134144,690765431,929220,106669,789740,2341500,3178962,25969,36283504,79455732,9222070,135619842,215088777
ex:490,49 -66 -41 3 68 -1 4,0.001238062576701439,1.20556718307387e-05,25000,11,22,3134144,690765431,929220,75002,789740,2703496,2183612,6536,38615378,75724166,3148558,130330432,200307379
ex:490,49 -66 -41 3 68 -1 4,0.001238062576701439,4.825392530364654e-06,25000,11,26,3134144,690765431,929220,56165,789740,2967758,1626124,2517,41211184,75383970,1447796,130625064,201883573
ex:490,49 -66 -41 3 68 -1 4,0.00024817842222974167,0.00024817842222974167,25000,14,14,3134144,690765431,249139,249139,239058,0,7749160,137215,45308584,70550084,36474310,162759090,252022640
ex:490,49 -66 -41 3 68 -1 4,0.00024817842222974167,4.729590486497646e-05,25000,14,18,3134144,690765431,249139,106669,239058,687092,3178962,25969,46163606,44840472,9349708,111242264,171864139
ex:490,49 -66 -41 3 68 -1 4,0.00024817842222974167,1.20556718307387e-05,25000,14,22,3134144,690765431,249139,75002,239058,1049088,2183612,6536,51032098,39425778,3051664,105524464,162544112
ex:490,49 -66 -41 3 68 -1 4,0.00024817842222974167,4.825392530364654e-06,25000,14,26,3134144,690765431,249139,56165,239058,1313350,1626124,2517,49551566,38957358,1406116,103151840,157206857
ex:490,49 -66 -41 3 68 -1 4,6.980883062379112e-05,4.729590486497646e-05,25000,17,18,3134144,690765431,122784,106669,120370,120370,3178962,25969,57288326,33291134,9676080,111799220,169851252
ex:490,49 -66 -41 3 68 -1 4,6.980883062379112e-05,1.20556718307387e-05,25000,17,22,3134144,690765431,122784,75002,120370,482366,2183612,6536,58862636,28193570,3135904,101703624,155786008
ex:490,49 -66 -41 3 68 -1 4,6.980883062379112e-05,4.825392530364654e-06,25000,17,26,3134144,690765431,122784,56165,120370,746628,1626124,2517,57321716,27406676,1359598,97842764,151058769
ex:490,49 -66 -41 3 68 -1 4,0.006501398523095622,0.00024817842222974167,75000,8,14,26478656,6216888577,40496932,1769203,20070745,59264293,56293052,1242019,178249576,1482681240,292861122,1995200914,3244093783
ex:490,49 -66 -41 3 68 -1 4,0.006501398523095622,4.729590486497646e-05,75000,8,18,26478656,6216888577,40496932,514497,20070745,63684517,15868189,235371,188047018,1188647020,71005802,1488610768,2358580807
ex:490,49 -66 -41 3 68 -1 4,0.006501398523095622,1.20556718307387e-05,75000,8,22,26478656,6216888577,40496932,275867,20070745,65273692,8221819,59745,198437328,1157336862,24774274,1423837556,2221545080
ex:490,49 -66 -41 3 68 -1 4,0.006501398523095622,4.825392530364654e-06,75000,8,26,26478656,6216888577,40496932,187781,20070745,66213132,5521153,23626,193354354,1126503032,11156224,1373734010,2195693669
ex:490,49 -66 -41 3 68 -1 4,0.001238062576701439,0.00024817842222974167,75000,11,14,26478656,6216888577,7900265,1769203,6753321,13714973,56293052,1242019,236361406,959079560,285895176,1523077056,2508189840
ex:490,49 -66 -41 3 68 -1 4,0.001238062576701439,4.729590486497646e-05,75000,11,18,26478656,6216888577,7900265,514497,6753321,18135197,15868189,235371,250222580,659400400,68238600,1017257964,1641608918
ex:490,49 -66 -41 3 68 -1 4,0.001238062576701439,1.20556718307387e-05,75000,11,22,26478656,6216888577,7900265,275867,6753321,19724372,8221819,59745,262381052,619709472,23662342,948233654,1497653136
ex:490,49 -66 -41 3 68 -1 4,0.001238062576701439,4.825392530364654e-06,75000,11,26,26478656,6216888577,7900265,187781,6753321,20663812,5521153,23626,266657750,612684018,11751676,934288616,1474286463
ex:490,49 -66 -41 3 68 -1 4,0.00024817842222974167,0.00024817842222974167,75000,14,14,26478656,6216888577,1769203,1769203,1708696,0,56293052,1242019,317074366,581293890,291518216,1228372374,1990775318
ex:490,49 -66 -41 3 68 -1 4,0.00024817842222974167,4.729590486497646e-05,75000,14,18,26478656,6216888577,1769203,514497,1708696,4420224,15868189,235371,324035428,324530656,67293240,755205198,1218091291
ex:490,49 -66 -41 3 68 -1 4,0.00024817842222974167,1.20556718307387e-05,75000,14,22,26478656,6216888577,1769203,275867,1708696,6009399,8221819,59745,331002018,272270868,22459906,666014826,1073413926
ex:490,49 -66 -41 3 68 -1 4,0.00024817842222974167,4.825392530364654e-06,75000,14,26,26478656,6216888577,1769203,187781,1708696,6948839,5521153,23626,346717420,270054324,10812044,670457306,1065483829
ex:490,49 -66 -41 3 68 -1 4,6.980883062379112e-05,4.729590486497646e-05,75000,17,18,26478656,6216888577,655223,514497,647415,647415,15868189,235371,403079838,231372844,68957050,743736724,1169728669
ex:490,49 -66 -41 3 68 -1 4,6.980883062379112e-05,1.20556718307387e-05,75000,17,22,26478656,6216888577,655223,275867,647415,2236590,8221819,59745,407519910,179103504,23033068,649705296,1030115392
ex:490,49 -66 -41 3 68 -1 4,6.980883062379112e-05,4.825392530364654e-06,75000,17,26,26478656,6216888577,655223,187781,647415,3176030,5521153,23626,416443294,172776176,10619918,642178054,1007839713
ex:490,49 -66 -41 3 68 -1 4,0.006501398523095622,0.00024817842222974167,150000,8,14,104193856,24867626369,161623706,6607250,80155629,235252201,211839997,4978013,659202496,6029644796,1109425498,7911792494,12881345699
ex:490,49 -66 -41 3 68 -1 4,0.006501398523095622,4.729590486497646e-05,150000,8,18,104193856,24867626369,161623706,1611437,80155629,251155219,50628931,944972,688235080,4724644414,254245376,5780600766,9346802376
ex:490,49 -66 -41 3 68 -1 4,0.006501398523095622,1.20556718307387e-05,150000,8,22,104193856,24867626369,161623706,699115,80155629,255813426,21221245,239883,685813080,4524804428,83327102,5410621062,8711559449
ex:490,49 -66 -41 3 68 -1 4,0.006501398523095622,4.825392530364654e-06,150000,8,26,104193856,24867626369,161623706,431162,80155629,258099991,12860911,95125,704117348,4505320022,40155746,5372597616,8671113244
ex:490,49 -66 -41 3 68 -1 4,0.001238062576701439,0.00024817842222974167,150000,11,14,104193856,24867626369,31132494,6607250,26650146,53679590,211839997,4978013,903808666,3956900648,1103594476,6071274208,9862450702
ex:490,49 -66 -41 3 68 -1 4,0.001238062576701439,4.729590486497646e-05,150000,11,18,104193856,24867626369,31132494,1611437,26650146,69582608,50628931,944972,915507084,2611335606,245893150,3883150722,6334682850
ex:490,49 -66 -41 3 68 -1 4,0.001238062576701439,1.20556718307387e-05,150000,11,22,104193856,24867626369,31132494,699115,26650146,74240815,21221245,239883,954807454,2425491350,81609966,3576669254,5739368371
ex:490,49 -66 -41 3 68 -1 4,0.001238062576701439,4.825392530364654e-06,150000,11,26,104193856,24867626369,31132494,431162,26650146,76527380,12860911,95125,959617210,2370281726,38653706,3486824120,5635044578
ex:490,49 -66 -41 3 68 -1 4,0.00024817842222974167,0.00024817842222974167,150000,14,14,104193856,24867626369,6607250,6607250,6390420,0,211839997,4978013,1207063692,2356497028,1106673208,4781558712,7718031880
ex:490,49 -66 -41 3 68 -1 4,0.00024817842222974167,4.729590486497646e-05,150000,14,18,104193856,24867626369,6607250,1611437,6390420,15903018,50628931,944972,1242947544,1264912820,249963416,2875927828,4547091032
ex:490,49 -66 -41 3 68 -1 4,0.00024817842222974167,1.20556718307387e-05,150000,14,22,104193856,24867626369,6607250,699115,6390420,20561225,21221245,239883,1301090554,1049781738,81762616,2552153114,3950678850
ex:490,49 -66 -41 3 68 -1 4,0.00024817842222974167,4.825392530364654e-06,150000,14,26,104193856,24867626369,6607250,431162,6390420,22847790,12860911,95125,1295215006,999727076,38108270,2453863270,3860088292
ex:490,49 -66 -41 3 68 -1 4,6.980883062379112e-05,4.729590486497646e-05,150000,17,18,104193856,24867626369,2171090,1611437,2148526,2148526,50628931,944972,1556526154,889331530,256539304,2814968270,4339443491
ex:490,49 -66 -41 3 68 -1 4,6.980883062379112e-05,1.20556718307387e-05,150000,17,22,104193856,24867626369,2171090,699115,2148526,6806733,21221245,239883,1697255442,695732170,85616182,2601530572,3850573747
ex:490,49 -66 -41 3 68 -1 4,6.980883062379112e-05,4.825392530364654e-06,150000,17,26,104193856,24867626369,2171090,431162,2148526,9093298,12860911,95125,1579652522,613279094,37823968,2348984610,3673230275
ex:568,81 12 8 -48 -137 36 64,0.008087745740107885,0.00045216562530412335,25000,8,14,3795952,879578466,7168338,479129,3018774,10302799,15105257,320050,34643316,268298618,83929076,398969092,633929900
ex:568,81 12 8 -48 -137 36 64,0.008087745740107885,7.840922790805278e-05,25000,8,18,3795952,879578466,7168338,149139,3018774,11483495,4551152,54907,36340926,187261480,19255528,256311660,398796661
ex:568,81 12 8 -48 -137 36 64,0.008087745740107885,1.938978193073319e-05,25000,8,22,3795952,879578466,7168338,89238,3018774,11956526,2643387,13479,38092920,179626592,6333142,238994336,362450624
ex:568,81 12 8 -48 -137 36 64,0.008087745740107885,8.712019921258178e-06,25000,8,26,3795952,879578466,7168338,62012,3018774,12273187,1823837,5932,39252434,178653718,3184948,237865314,358355444
ex:568,81 12 8 -48 -137 36 64,0.001857561615353771,0.00045216562530412335,25000,11,14,3795952,879578466,1709747,479129,1347098,2926179,15105257,320050,45178638,219096212,85502748,362036130,562092741
ex:568,81 12 8 -48 -137 36 64,0.001857561615353771,7.840922790805278e-05,25000,11,18,3795952,879578466,1709747,149139,1347098,4106875,4551152,54907,50083570,145088092,20354144,229512008,331496949
ex:568,81 12 8 -48 -137 36 64,0.001857561615353771,1.938978193073319e-05,25000,11,22,3795952,879578466,1709747,89238,1347098,4579906,2643387,13479,49100220,124644478,6220404,194728236,295124444
ex:568,81 12 8 -48 -137 36 64,0.001857561615353771,8.712019921258178e-06,25000,11,26,3795952,879578466,1709747,62012,1347098,4896567,1823837,5932,63482906,127333028,3403264,211198274,311279742
ex:568,81 12 8 -48 -137 36 64,0.00045216562530412335,0.00045216562530412335,25000,14,14,3795952,879578466,479129,479129,448142,0,15105257,320050,58684988,149992666,87753026,309317174,462594899
ex:568,81 12 8 -48 -137 36 64,0.00045216562530412335,7.840922790805278e-05,25000,14,18,3795952,879578466,479129,149139,448142,1180696,4551152,54907,61139428,74949418,18925468,168915742,260960530
ex:568,81 12 8 -48 -137 36 64,0.00045216562530412335,1.938978193073319e-05,25000,14,22,3795952,879578466,479129,89238,448142,1653727,2643387,13479,61805002,63273300,6141346,145597226,219912909
ex:568,81 12 8 -48 -137 36 64,0.00045216562530412335,8.712019921258178e-06,25000,14,26,3795952,879578466,479129,62012,448142,1970388,1823837,5932,60544206,59991096,3049038,138388916,213979090
ex:568,81 12 8 -48 -137 36 64,0.00011759291040775241,7.840922790805278e-05,25000,17,18,3795952,879578466,184466,149139,179958,179958,4551152,54907,69412754,50759918,18723674,151504922,233745021
ex:568,81 12 8 -48 -137 36 64,0.00011759291040775241,1.938978193073319e-05,25000,17,22,3795952,879578466,184466,89238,179958,652989,2643387,13479,69734948,38908436,5859388,128025474,198398111
ex:568,81 12 8 -48 -137 36 64,0.00011759291040775241,8.712019921258178e-06,25000,17,26,3795952,879578466,184466,62012,179958,969650,1823837,5932,75401194,38001730,2996180,132170726,199789977
ex:568,81 12 8 -48 -137 36 64,0.008087745740107885,0.00045216562530412335,75000,8,14,31969712,7916139785,64096118,3808586,27032344,90948710,121694458,2886778,264942960,2544883050,709400764,3571126820,5599085464
ex:568,81 12 8 -48 -137 36 64,0.008087745740107885,7.840922790805278e-05,75000,8,18,31969712,7916139785,64096118,857245,27032344,99713868,26975160,497710,238526262,1697428780,146514422,2133227582,3373698119
ex:568,81 12 8 -48 -137 36 64,0.008087745740107885,1.938978193073319e-05,75000,8,22,31969712,7916139785,64096118,369476,27032344,102155270,11254274,122322,243511532,1572471528,47613568,1916420432,3043300507
ex:568,81 12 8 -48 -137 36 64,0.008087745740107885,8.712019921258178e-06,75000,8,26,31969712,7916139785,64096118,229175,27032344,103405082,6890855,54538,248234308,1573727278,24873580,1903338938,3007047569
ex:568,81 12 8 -48 -137 36 64,0.001857561615353771,0.00045216562530412335,75000,11,14,31969712,7916139785,14891699,3808586,11778203,25162107,121694458,2886778,304562766,1900962810,678062798,2930064220,4774472986
ex:568,81 12 8 -48 -137 36 64,0.001857561615353771,7.840922790805278e-05,75000,11,18,31969712,7916139785,14891699,857245,11778203,33927265,26975160,497710,329788678,1179591788,149002694,1710185394,2646690164
ex:568,81 12 8 -48 -137 36 64,0.001857561615353771,1.938978193073319e-05,75000,11,22,31969712,7916139785,14891699,369476,11778203,36368667,11254274,122322,467956394,1332093054,61907134,1932973036,2374571247
ex:568,81 12 8 -48 -137 36 64,0.001857561615353771,8.712019921258178e-06,75000,11,26,31969712,7916139785,14891699,229175,11778203,37618479,6890855,54538,555712326,1543523308,39026210,2223962324,2356384234
ex:568,81 12 8 -48 -137 36 64,0.00045216562530412335,0.00045216562530412335,75000,14,14,31969712,7916139785,3808586,3808586,3581399,0,121694458,2886778,531259016,1598660066,866110780,3054664038,3897998875
ex:568,81 12 8 -48 -137 36 64,0.00045216562530412335,7.840922790805278e-05,75000,14,18,31969712,7916139785,3808586,857245,3581399,8765158,26975160,497710,569676838,788699568,187493580,1608227464,1924990300
ex:568,81 12 8 -48 -137 36 64,0.00045216562530412335,1.938978193073319e-05,75000,14,22,31969712,7916139785,3808586,369476,3581399,11206560,11254274,122322,610886368,628241616,62271628,1371833376,1658463091
ex:568,81 12 8 -48 -137 36 64,0.00045216562530412335,8.712019921258178e-06,75000,14,26,31969712,7916139785,3808586,229175,3581399,12456372,6890855,54538,600618064,601992716,31642400,1305658022,1579992002
ex:568,81 12 8 -48 -137 36 64,0.00011759291040775241,7.840922790805278e-05,75000,17,18,31969712,7916139785,1168619,857245,1147727,1147727,26975160,497710,709538706,514515344,189357198,1477744154,1740935887
ex:568,81 12 8 -48 -137 36 64,0.00011759291040775241,1.938978193073319e-05,75000,17,22,31969712,7916139785,1168619,369476,1147727,3589129,11254274,122322,723149090,368000468,60920684,1220323974,1428178854
ex:568,81 12 8 -48 -137 36 64,0.00011759291040775241,8.712019921258178e-06,75000,17,26,31969712,7916139785,1168619,229175,1147727,4838941,6890855,54538,738253666,343864640,31118258,1184878102,1398938747
ex:568,81 12 8 -48 -137 36 64,0.008087745740107885,0.00045216562530412335,150000,8,14,125728336,31664492749,255990699,14733382,107975443,362040243,472679874,11557464,1195500656,13470897290,3468287416,18320267962,22353284716
ex:568,81 12 8 -48 -137 36 64,0.008087745740107885,7.840922790805278e-05,150000,8,18,125728336,31664492749,255990699,2941753,107975443,395212560,93789849,1995235,1223414028,9178065482,721154582,11313630546,13662442229
ex:568,81 12 8 -48 -137 36 64,0.008087745740107885,1.938978193073319e-05,150000,8,22,125728336,31664492749,255990699,1040280,107975443,403129435,32300324,491063,923841024,6609465586,172994556,7858611692,12286931670
ex:568,81 12 8 -48 -137 36 64,0.008087745740107885,8.712019921258178e-06,150000,8,26,125728336,31664492749,255990699,587024,107975443,406497487,17969972,219034,947651434,6610815782,92349514,7807172988,12125086826
ex:568,81 12 8 -48 -137 36 64,0.001857561615353771,0.00045216562530412335,150000,11,14,125728336,31664492749,59090242,14733382,46788401,99493792,472679874,11557464,1272400232,8427301532,2805745772,12656801286,19013021629
ex:568,81 12 8 -48 -137 36 64,0.001857561615353771,7.840922790805278e-05,150000,11,18,125728336,31664492749,59090242,2941753,46788401,132666109,93789849,1995235,1168469506,4620381736,532576104,6464408126,10344053317
ex:568,81 12 8 -48 -137 36 64,0.001857561615353771,1.938978193073319e-05,150000,11,22,125728336,31664492749,59090242,1040280,46788401,140582984,32300324,491063,1203573184,4159293162,169223144,5683405522,8969274542
ex:568,81 12 8 -48 -137 36 64,0.001857561615353771,8.712019921258178e-06,150000,11,26,125728336,31664492749,59090242,587024,46788401,143951036,17969972,219034,1214757944,4101303148,88542672,5554717034,8833104969
ex:568,81 12 8 -48 -137 36 64,0.00045216562530412335,0.00045216562530412335,150000,14,14,125728336,31664492749,14733382,14733382,13870659,0,472679874,11557464,1416139422,5132011692,2588830720,9266927306,15013587905
ex:568,81 12 8 -48 -137 36 64,0.00045216562530412335,7.840922790805278e-05,150000,14,18,125728336,31664492749,14733382,2941753,13870659,33172317,93789849,1995235,1486681538,2330892610,519386432,4479353494,7138559010
ex:568,81 12 8 -48 -137 36 64,0.00045216562530412335,1.938978193073319e-05,150000,14,22,125728336,31664492749,14733382,1040280,13870659,41089192,32300324,491063,1529440644,1843935448,160930414,3677949716,5795280380
ex:568,81 12 8 -48 -137 36 64,0.00045216562530412335,8.712019921258178e-06,150000,14,26,125728336,31664492749,14733382,587024,13870659,44457244,17969972,219034,1531545174,1762118832,83688912,3528881938,5620169083
ex:568,81 12 8 -48 -137 36 64,0.00011759291040775241,7.840922790805278e-05,150000,17,18,125728336,31664492749,4180310,2941753,4110848,4110848,93789849,1995235,1833465434,1472414514,518618604,3961717062,6292694331
ex:568,81 12 8 -48 -137 36 64,0.00011759291040775241,1.938978193073319e-05,150000,17,22,125728336,31664492749,4180310,1040280,4110848,12027723,32300324,491063,1856162600,1005669706,157670474,3163393534,5003366842
ex:568,81 12 8 -48 -137 36 64,0.00011759291040775241,8.712019921258178e-06,150000,17,26,125728336,31664492749,4180310,587024,4110848,15395775,17969972,219034,1893272624,941627404,82569988,3063341060,4805516294
bc:33,225 -1080 -474 2489 678 -392 4,0.012076499367620046,0.0007446921099831577,25000,8,14,3007280,473183508,5766818,429715,2223968,7840807,13441195,281824,31532900,222667958,73693342,345395790,526725968
bc:33,225 -1080 -474 2489 678 -392 4,0.012076499367620046,0.00016060866477704886,25000,8,18,3007280,473183508,5766818,152071,2223968,8930037,4624469,60481,31973970,147647724,20212500,217488986,336780717
bc:33,225 -1080 -474 2489 678 -392 4,0.012076499367620046,5.190553860215752e-05,25000,8,22,3007280,473183508,5766818,93031,2223968,9417533,2755052,19499,34531048,136087670,8516180,198279494,304965417
bc:33,225 -1080 -474 2489 678 -392 4,0.012076499367620046,2.4016420182359516e-05,25000,8,26,3007280,473183508,5766818,64594,2223968,9733622,1896672,9032,40667532,141604566,5066728,210731350,302470615
bc:33,225 -1080 -474 2489 678 -392 4,0.0027377492594947376,0.0007446921099831577,25000,11,14,3007280,473183508,1367066,429715,1042310,2334565,13441195,281824,40519306,183234448,72902948,312897534,483409115
bc:33,225 -1080 -474 2489 678 -392 4,0.0027377492594947376,0.00016060866477704886,25000,11,18,3007280,473183508,1367066,152071,1042310,3423795,4624469,60481,41805214,111798270,20300654,191442214,296266526
bc:33,225 -1080 -474 2489 678 -392 4,0.0027377492594947376,5.190553860215752e-05,25000,11,22,3007280,473183508,1367066,93031,1042310,3911291,2755052,19499,45101058,101652206,8542638,173921594,262906213
bc:33,225 -1080 -474 2489 678 -392 4,0.0027377492594947376,2.4016420182359516e-05,25000,11,26,3007280,473183508,1367066,64594,1042310,4227380,1896672,9032,49837962,104018828,4785320,180213630,257661699
bc:33,225 -1080 -474 2489 678 -392 4,0.0007446921099831577,0.0007446921099831577,25000,14,14,3007280,473183508,429715,429715,394500,0,13441195,281824,51446006,131630568,74567896,273147902,416746022
bc:33,225 -1080 -474 2489 678 -392 4,0.0007446921099831577,0.00016060866477704886,25000,14,18,3007280,473183508,429715,152071,394500,1089230,4624469,60481,56641266,70621888,20420128,165325486,249558801
bc:33,225 -1080 -474 2489 678 -392 4,0.0007446921099831577,5.190553860215752e-05,25000,14,22,3007280,473183508,429715,93031,394500,1576726,2755052,19499,57469790,58646476,8581458,142425172,214676350
bc:33,225 -1080 -474 2489 678 -392 4,0.0007446921099831577,2.4016420182359516e-05,25000,14,26,3007280,473183508,429715,64594,394500,1892815,1896672,9032,56686268,53553646,4440040,133612886,205559018
bc:33,225 -1080 -474 2489 678 -392 4,0.00022628733117584202,0.00016060866477704886,25000,17,18,3007280,473183508,183751,152071,177438,177438,4624469,60481,64617002,51428654,20351556,152365934,230316006
bc:33,225 -1080 -474 2489 678 -392 4,0.00022628733117584202,5.190553860215752e-05,25000,17,22,3007280,473183508,183751,93031,177438,664934,2755052,19499,62553672,39735830,8401056,127347646,192337234
bc:33,225 -1080 -474 2489 678 -392 4,0.00022628733117584202,2.4016420182359516e-05,25000,17,26,3007280,473183508,183751,64594,177438,981023,1896672,9032,67869848,37615032,4569714,129102028,188836491
bc:33,225 -1080 -474 2489 678 -392 4,0.012076499367620046,0.0007446921099831577,75000,8,14,23809120,4258623151,51511053,3389974,19823840,68875247,107383099,2554484,190285434,1962890000,595429178,2801757982,4438437771
bc:33,225 -1080 -474 2489 678 -392 4,0.012076499367620046,0.00016060866477704886,75000,8,18,23809120,4258623151,51511053,908633,19823840,76953183,28451700,548327,198135334,1321448168,153018716,1724310582,2672427000
bc:33,225 -1080 -474 2489 678 -392 4,0.012076499367620046,5.190553860215752e-05,75000,8,22,23809120,4258623151,51511053,426677,19823840,79638202,13018935,176414,203351480,1193071444,62328782,1517562098,2354888150
bc:33,225 -1080 -474 2489 678 -392 4,0.012076499367620046,2.4016420182359516e-05,75000,8,26,23809120,4258623151,51511053,260519,19823840,81021888,7842368,80838,213405170,1204922280,33906928,1508316080,2302249256
bc:33,225 -1080 -474 2489 678 -392 4,0.0027377492594947376,0.0007446921099831577,75000,11,14,23809120,4258623151,11843456,3389974,9079668,19963084,107383099,2554484,239948950,1572656520,576388120,2440844458,3968048598
bc:33,225 -1080 -474 2489 678 -392 4,0.0027377492594947376,0.00016060866477704886,75000,11,18,23809120,4258623151,11843456,908633,9079668,28041020,28451700,548327,257242312,969461358,154908522,1432106110,2226705530
bc:33,225 -1080 -474 2489 678 -392 4,0.0027377492594947376,5.190553860215752e-05,75000,11,22,23809120,4258623151,11843456,426677,9079668,30726039,13018935,176414,262922814,838928582,61278298,1216723518,1904786152
bc:33,225 -1080 -474 2489 678 -392 4,0.0027377492594947376,2.4016420182359516e-05,75000,11,26,23809120,4258623151,11843456,260519,9079668,32109725,7842368,80838,267698944,814941956,32971562,1169799840,1837154122
bc:33,225 -1080 -474 2489 678 -392 4,0.0007446921099831577,0.0007446921099831577,75000,14,14,23809120,4258623151,3389974,3389974,3133479,0,107383099,2554484,295237196,1088692644,575177942,2009431404,3286876876
bc:33,225 -1080 -474 2489 678 -392 4,0.0007446921099831577,0.00016060866477704886,75000,14,18,23809120,4258623151,3389974,908633,3133479,8077936,28451700,548327,312375206,551963846,146023098,1059078204,1673927928
bc:33,225 -1080 -474 2489 678 -392 4,0.0007446921099831577,5.190553860215752e-05,75000,14,22,23809120,4258623151,3389974,426677,3133479,10762955,13018935,176414,326373492,433253340,59527166,871240006,1361545654
bc:33,225 -1080 -474 2489 678 -392 4,0.0007446921099831577,2.4016420182359516e-05,75000,14,26,23809120,4258623151,3389974,260519,3133479,12146641,7842368,80838,335413784,412150576,32195822,833846096,1297966162
bc:33,225 -1080 -474 2489 678 -392 4,0.00022628733117584202,0.00016060866477704886,75000,17,18,23809120,4258623151,1188089,908633,1156884,1156884,28451700,548327,386122384,382844224,148265828,966589674,1508283327
bc:33,225 -1080 -474 2489 678 -392 4,0.00022628733117584202,5.190553860215752e-05,75000,17,22,23809120,4258623151,1188089,426677,1156884,3841903,13018935,176414,400115320,275892780,60595894,788808824,1202414402
bc:33,225 -1080 -474 2489 678 -392 4,0.00022628733117584202,2.4016420182359516e-05,75000,17,26,23809120,4258623151,1188089,260519,1156884,5225589,7842368,80838,388654784,246662090,32073990,721886080,1128100789
bc:33,225 -1080 -474 2489 678 -392 4,0.012076499367620046,0.0007446921099831577,150000,8,14,91936816,17034464355,205706907,13091695,79088309,273817917,416389478,10241444,675467976,8052571322,2260119324,11122088104,17880315426
bc:33,225 -1080 -474 2489 678 -392 4,0.012076499367620046,0.00016060866477704886,150000,8,18,91936816,17034464355,205706907,3176141,79088309,304415167,100748808,2203036,681915500,5372735564,561163704,6751255010,10707882882
bc:33,225 -1080 -474 2489 678 -392 4,0.012076499367620046,5.190553860215752e-05,150000,8,22,91936816,17034464355,205706907,1290778,79088309,313426790,40180315,709747,700347796,4915471060,215848608,5979257058,9431437118
bc:33,225 -1080 -474 2489 678 -392 4,0.012076499367620046,2.4016420182359516e-05,150000,8,26,91936816,17034464355,205706907,715874,79088309,317460724,22003541,325563,718488618,4907955592,118885970,5893691250,9199547342
bc:33,225 -1080 -474 2489 678 -392 4,0.0027377492594947376,0.0007446921099831577,150000,11,14,91936816,17034464355,46940817,13091695,36024892,78829763,416389478,10241444,888347912,6499345734,2251098788,9770960194,15744533449
bc:33,225 -1080 -474 2489 678 -392 4,0.0027377492594947376,0.00016060866477704886,150000,11,18,91936816,17034464355,46940817,3176141,36024892,109427013,100748808,2203036,900665888,3881931626,563148892,5478332170,8601331184
bc:33,225 -1080 -474 2489 678 -392 4,0.0027377492594947376,5.190553860215752e-05,150000,11,22,91936816,17034464355,46940817,1290778,36024892,118438636,40180315,709747,915369648,3358174180,212005636,4626028346,7295886662
bc:33,225 -1080 -474 2489 678 -392 4,0.0027377492594947376,2.4016420182359516e-05,150000,11,26,91936816,17034464355,46940817,715874,36024892,122472570,22003541,325563,952810866,3296854182,114993992,4508532630,7103924915
bc:33,225 -1080 -474 2489 678 -392 4,0.0007446921099831577,0.0007446921099831577,150000,14,14,91936816,17034464355,13091695,13091695,12121921,0,416389478,10241444,1098115036,4457753500,2226608630,7912008582,12847959049
bc:33,225 -1080 -474 2489 678 -392 4,0.0007446921099831577,0.00016060866477704886,150000,14,18,91936816,17034464355,13091695,3176141,12121921,30597250,100748808,2203036,1154798972,2183349358,553304444,4023551414,6303490046
bc:33,225 -1080 -474 2489 678 -392 4,0.0007446921099831577,5.190553860215752e-05,150000,14,22,91936816,17034464355,13091695,1290778,12121921,39608873,40180315,709747,1147345790,1641811934,203392216,3132340476,5002452618
bc:33,225 -1080 -474 2489 678 -392 4,0.0007446921099831577,2.4016420182359516e-05,150000,14,26,91936816,17034464355,13091695,715874,12121921,43642807,22003541,325563,1193029344,1563858620,112252384,3017815182,4747468266
bc:33,225 -1080 -474 2489 678 -392 4,0.00022628733117584202,0.00016060866477704886,150000,17,18,91936816,17034464355,4292265,3176141,4187076,4187076,100748808,2203036,1384137284,1458746508,543941604,3518755784,5555367511
bc:33,225 -1080 -474 2489 678 -392 4,0.00022628733117584202,5.190553860215752e-05,150000,17,22,91936816,17034464355,4292265,1290778,4187076,13198699,40180315,709747,1424758092,1008984820,204456808,2774324764,4339307197
bc:33,225 -1080 -474 2489 678 -392 4,0.00022628733117584202,2.4016420182359516e-05,150000,17,26,91936816,17034464355,4292265,715874,4187076,17232633,22003541,325563,1436126588,898555058,109717876,2587685534,4067967925
bc:1451,46206000 -119956800 -321256619 411391728 665817346 137451720 23668225,0.017716067711973867,0.0016261731598706053,25000,8,14,1650960,373697341,6977466,717151,1461874,6861547,22299525,543604,16543606,263329840,129314936,428210204,672266922
bc:1451,46206000 -119956800 -321256619 411391728 665817346 137451720 23668225,0.017716067711973867,0.00043679886208530013,25000,8,18,1650960,373697341,6977466,226336,1461874,8476764,7122452,153675,17778248,145001056,42668166,224707102,338332183
bc:1451,46206000 -119956800 -321256619 411391728 665817346 137451720 23668225,0.017716067711973867,0.00016695527057802945,25000,8,22,1650960,373697341,6977466,105297,1461874,9110347,3271159,61893,17794452,114015702,19700580,171027978,258625478
bc:1451,46206000 -119956800 -321256619 411391728 665817346 137451720 23668225,0.017716067711973867,0.00011280520863605528,25000,8,26,1650960,373697341,6977466,75515,1461874,9379596,2336034,42295,18839638,107929614,14531946,160785570,245607020
bc:1451,46206000 -119956800 -321256619 411391728 665817346 137451720 23668225,0.004873490361092851,0.0016261731598706053,25000,11,14,1650960,373697341,1990220,717151,1090906,2717262,22299525,543604,21320140,244629542,127215844,411444566,653593625
bc:1451,46206000 -119956800 -321256619 411391728 665817346 137451720 23668225,0.004873490361092851,0.00043679886208530013,25000,11,18,1650960,373697341,1990220,226336,1090906,4332479,7122452,153675,21873332,123026774,39892306,203024590,322681932
bc:1451,46206000 -119956800 -321256619 411391728 665817346 137451720 23668225,0.004873490361092851,0.00016695527057802945,25000,11,22,1650960,373697341,1990220,105297,1090906,4966062,3271159,61893,22342848,97079346,18916724,157138200,243143233
bc:1451,46206000 -119956800 -321256619 411391728 665817346 137451720 23668225,0.004873490361092851,0.00011280520863605528,25000,11,26,1650960,373697341,1990220,75515,1090906,5235311,2336034,42295,22497788,92501720,14056372,148825948,228771616
bc:1451,46206000 -119956800 -321256619 411391728 665817346 137451720 23668225,0.0016261731598706053,0.0016261731598706053,25000,14,14,1650960,373697341,717151,717151,567833,0,22299525,543604,25194360,210750364,126486486,380108308,606916187
bc:1451,46206000 -119956800 -321256619 411391728 665817346 137451720 23668225,0.0016261731598706053,0.00043679886208530013,25000,14,18,1650960,373697341,717151,226336,567833,1615217,7122452,153675,25616848,101799338,39664064,184691100,292970779
bc:1451,46206000 -119956800 -321256619 411391728 665817346 137451720 23668225,0.0016261731598706053,0.00016695527057802945,25000,14,22,1650960,373697341,717151,105297,567833,2248800,3271159,61893,27093878,74059052,18253044,138373350,217981337
bc:1451,46206000 -119956800 -321256619 411391728 665817346 137451720 23668225,0.0016261731598706053,0.00011280520863605528,25000,14,26,1650960,373697341,717151,75515,567833,2518049,2336034,42295,27747944,71063704,14167908,132634836,203380731
bc:1451,46206000 -119956800 -321256619 411391728 665817346 137451720 23668225,0.0005955725965213199,0.00043679886208530013,25000,17,18,1650960,373697341,292224,226336,264879,264879,7122452,153675,32461282,81513898,42098738,175259494,261603767
bc:1451,46206000 -119956800 -321256619 411391728 665817346 137451720 23668225,0.0005955725965213199,0.00016695527057802945,25000,17,22,1650960,373697341,292224,105297,264879,898462,3271159,61893,33221228,53223386,19154502,125095312,189802460
bc:1451,46206000 -119956800 -321256619 411391728 665817346 137451720 23668225,0.0005955725965213199,0.00011280520863605528,25000,17,26,1650960,373697341,292224,75515,264879,1167711,2336034,42295,34630136,48682306,14188414,116563918,175458347
bc:1451,46206000 -119956800 -321256619 411391728 665817346 137451720 23668225,0.017716067711973867,0.0016261731598706053,75000,8,14,12912864,3167718171,58798739,5868476,12315048,57642621,183450993,4622970,102611466,2324872338,1000334926,3483847632,5662657905
bc:1451,46206000 -119956800 -321256619 411391728 665817346 137451720 23668225,0.017716067711973867,0.00043679886208530013,75000,8,18,12912864,3167718171,58798739,1724587,12315048,70735617,55050536,1307044,104153154,1262693148,313650820,1738574976,2743919714
bc:1451,46206000 -119956800 -321256619 411391728 665817346 137451720 23668225,0.017716067711973867,0.00016695527057802945,75000,8,22,12912864,3167718171,58798739,730950,12315048,75455341,23275531,524209,105230414,1011234302,136662778,1311863600,2069374770
bc:1451,46206000 -119956800 -321256619 411391728 665817346 137451720 23668225,0.017716067711973867,0.00011280520863605528,75000,8,26,12912864,3167718171,58798739,507515,12315048,77306148,16133073,358093,106200402,978243438,99481138,1243430788,1960925152
bc:1451,46206000 -119956800 -321256619 411391728 665817346 137451720 23668225,0.004873490361092851,0.0016261731598706053,75000,11,14,12912864,3167718171,16644866,5868476,9163528,22726128,183450993,4622970,137888852,2153924774,1005612820,3355895542,5447401600
bc:1451,46206000 -119956800 -321256619 411391728 665817346 137451720 23668225,0.004873490361092851,0.00043679886208530013,75000,11,18,12912864,3167718171,16644866,1724587,9163528,35819124,55050536,1307044,133689040,1092543628,305596634,1588993986,2554356900
bc:1451,46206000 -119956800 -321256619 411391728 665817346 137451720 23668225,0.004873490361092851,0.00016695527057802945,75000,11,22,12912864,3167718171,16644866,730950,9163528,40538848,23275531,524209,136106032,844986678,134880116,1175992394,1879617499
bc:1451,46206000 -119956800 -321256619 411391728 665817346 137451720 23668225,0.004873490361092851,0.00011280520863605528,75000,11,26,12912864,3167718171,16644866,507515,9163528,42389655,16133073,358093,143115062,840835624,100190860,1144255478,1768505686
bc:1451,46206000 -119956800 -321256619 411391728 665817346 137451720 23668225,0.0016261731598706053,0.0016261731598706053,75000,14,14,12912864,3167718171,5868476,5868476,4675126,0,183450993,4622970,171472188,1851017200,1011464104,3089372320,4980341695
bc:1451,46206000 -119956800 -321256619 411391728 665817346 137451720 23668225,0.0016261731598706053,0.00043679886208530013,75000,14,18,12912864,3167718171,5868476,1724587,4675126,13092996,55050536,1307044,165428436,876075686,305284258,1401534618,2260231290
bc:1451,46206000 -119956800 -321256619 411391728 665817346 137451720 23668225,0.0016261731598706053,0.00016695527057802945,75000,14,22,12912864,3167718171,5868476,730950,4675126,17812720,23275531,524209,174488236,651263014,136798492,1021155448,1597107693
bc:1451,46206000 -119956800 -321256619 411391728 665817346 137451720 23668225,0.0016261731598706053,0.00011280520863605528,75000,14,26,12912864,3167718171,5868476,507515,4675126,19663527,16133073,358093,178078754,616162020,98395128,951185210,1482124423
bc:1451,46206000 -119956800 -321256619 411391728 665817346 137451720 23668225,0.0005955725965213199,0.00043679886208530013,75000,17,18,12912864,3167718171,2281362,1724587,2084156,2084156,55050536,1307044,203111860,650393702,307386468,1215420198,1939142320
bc:1451,46206000 -119956800 -321256619 411391728 665817346 137451720 23668225,0.0005955725965213199,0.00016695527057802945,75000,17,22,12912864,3167718171,2281362,730950,2084156,6803880,23275531,524209,198943490,423524638,132017432,810944330,1296790126
bc:1451,46206000 -119956800 -321256619 411391728 665817346 137451720 23668225,0.0005955725965213199,0.00011280520863605528,75000,17,26,12912864,3167718171,2281362,507515,2084156,8654687,16133073,358093,212936296,397286970,97141836,765614526,1190250774
bc:1451,46206000 -119956800 -321256619 411391728 665817346 137451720 23668225,0.017716067711973867,0.0016261731598706053,150000,8,14,49170912,12326854433,228235766,22601392,47832274,223723594,707476751,18023431,390357738,9583341244,4489865804,14599308110,23565278025
bc:1451,46206000 -119956800 -321256619 411391728 665817346 137451720 23668225,0.017716067711973867,0.00043679886208530013,150000,8,18,49170912,12326854433,228235766,6511845,47832274,274016124,208601053,5092188,361988194,5085565504,1331595688,6915400550,11229774202
bc:1451,46206000 -119956800 -321256619 411391728 665817346 137451720 23668225,0.017716067711973867,0.00016695527057802945,150000,8,22,49170912,12326854433,228235766,2679661,47832274,291698308,85958599,2038952,353811756,4086388500,576508240,5156286774,8361575038
bc:1451,46206000 -119956800 -321256619 411391728 665817346 137451720 23668225,0.017716067711973867,0.00011280520863605528,150000,8,26,49170912,12326854433,228235766,1838168,47832274,298449029,58939355,1392665,368579354,4038975276,418707678,4966540782,7910055215
bc:1451,46206000 -119956800 -321256619 411391728 665817346 137451720 23668225,0.004873490361092851,0.0016261731598706053,150000,11,14,49170912,12326854433,64455824,22601392,35568334,88094744,707476751,18023431,480259596,8585949680,4357667628,13555590266,22390668093
bc:1451,46206000 -119956800 -321256619 411391728 665817346 137451720 23668225,0.004873490361092851,0.00043679886208530013,150000,11,18,49170912,12326854433,64455824,6511845,35568334,138387274,208601053,5092188,470739572,4328127962,1307708660,6236764796,10278649136
bc:1451,46206000 -119956800 -321256619 411391728 665817346 137451720 23668225,0.004873490361092851,0.00016695527057802945,150000,11,22,49170912,12326854433,64455824,2679661,35568334,156069458,85958599,2038952,478938760,3377460184,575833446,4567381202,7478108063
bc:1451,46206000 -119956800 -321256619 411391728 665817346 137451720 23668225,0.004873490361092851,0.00011280520863605528,150000,11,26,49170912,12326854433,64455824,1838168,35568334,162820179,58939355,1392665,482690142,3250047032,403523302,4272386556,6996540176
bc:1451,46206000 -119956800 -321256619 411391728 665817346 137451720 23668225,0.0016261731598706053,0.0016261731598706053,150000,14,14,49170912,12326854433,22601392,22601392,18037335,0,707476751,18023431,602469606,7276853178,4360226648,12368585002,20456548633
bc:1451,46206000 -119956800 -321256619 411391728 665817346 137451720 23668225,0.0016261731598706053,0.00043679886208530013,150000,14,18,49170912,12326854433,22601392,6511845,18037335,50292530,208601053,5092188,589248844,3425342472,1299144670,5445601776,8985130997
bc:1451,46206000 -119956800 -321256619 411391728 665817346 137451720 23668225,0.0016261731598706053,0.00016695527057802945,150000,14,22,49170912,12326854433,22601392,2679661,18037335,67974714,85958599,2038952,598991566,2480473390,557511770,3773653580,6185509450
bc:1451,46206000 -119956800 -321256619 411391728 665817346 137451720 23668225,0.0016261731598706053,0.00011280520863605528,150000,14,26,49170912,12326854433,22601392,1838168,18037335,74725435,58939355,1392665,608715690,2351648916,397136544,3490922108,5708450149
bc:1451,46206000 -119956800 -321256619 411391728 665817346 137451720 23668225,0.0005955725965213199,0.00043679886208530013,150000,17,18,49170912,12326854433,8673613,6511845,7937598,7937598,208601053,5092188,706053798,2504965578,1299916252,4638253520,7651357366
bc:1451,46206000 -119956800 -321256619 411391728 665817346 137451720 23668225,0.0005955725965213199,0.00016695527057802945,150000,17,22,49170912,12326854433,8673613,2679661,7937598,25619782,85958599,2038952,979766520,2137875246,731434854,4019412834,5019836038
bc:1451,46206000 -119956800 -321256619 411391728 665817346 137451720 23668225,0.0005955725965213199,0.00011280520863605528,150000,17,26,49170912,12326854433,8673613,1838168,7937598,32370503,58939355,1392665,983150266,1936661794,512223394,3601966118,4534638847
bc:229,84100 277180 -404739 -629776 668004 29520 3600,0.022675181745615967,0.0016591251254151887,25000,8,14,3756224,854197364,19377221,1488226,3357654,16053153,46455252,1140884,33662842,551395246,258519276,857252218,1369757678
bc:229,84100 277180 -404739 -629776 668004 29520 3600,0.022675181745615967,0.0003719369570151469,25000,8,18,3756224,854197364,19377221,395765,3357654,19299513,12486399,254363,36089792,273133672,65635034,389603146,620568280
bc:229,84100 277180 -404739 -629776 668004 29520 3600,0.022675181745615967,0.0001321227881625786,25000,8,22,3756224,854197364,19377221,183699,3357654,20416261,5701267,90052,36853098,221834000,27949898,302180340,480619431
bc:229,84100 277180 -404739 -629776 668004 29520 3600,0.022675181745615967,9.422868453081102e-05,25000,8,26,3756224,854197364,19377221,140184,3357654,20897146,4327026,64263,37971376,220387172,21678350,295838568,460049852
bc:229,84100 277180 -404739 -629776 668004 29520 3600,0.005929940500567178,0.0016591251254151887,25000,11,14,3756224,854197364,5118131,1488226,2627805,6370063,46455252,1140884,46587000,513660824,257054474,831374756,1344771056
bc:229,84100 277180 -404739 -629776 668004 29520 3600,0.005929940500567178,0.0003719369570151469,25000,11,18,3756224,854197364,5118131,395765,2627805,9616423,12486399,254363,49040024,255685200,69563978,389408270,587668433
bc:229,84100 277180 -404739 -629776 668004 29520 3600,0.005929940500567178,0.0001321227881625786,25000,11,22,3756224,854197364,5118131,183699,2627805,10733171,5701267,90052,47959436,192445262,27774750,282623394,447671668
bc:229,84100 277180 -404739 -629776 668004 29520 3600,0.005929940500567178,9.422868453081102e-05,25000,11,26,3756224,854197364,5118131,140184,2627805,11214056,4327026,64263,52707438,189404582,21949760,280104072,435422071
bc:229,84100 277180 -404739 -629776 668004 29520 3600,0.0016591251254151887,0.0016591251254151887,25000,14,14,3756224,854197364,1488226,1488226,1202403,0,46455252,1140884,57342378,445926684,262209202,779163832,1228383192
bc:229,84100 277180 -404739 -629776 668004 29520 3600,0.0016591251254151887,0.0003719369570151469,25000,14,18,3756224,854197364,1488226,395765,1202403,3246360,12486399,254363,56674890,186619456,65492362,322504534,513841328
bc:229,84100 277180 -404739 -629776 668004 29520 3600,0.0016591251254151887,0.0001321227881625786,25000,14,22,3756224,854197364,1488226,183699,1202403,4363108,5701267,90052,60263078,140743088,28180758,244557284,379381869
bc:229,84100 277180 -404739 -629776 668004 29520 3600,0.0016591251254151887,9.422868453081102e-05,25000,14,26,3756224,854197364,1488226,140184,1202403,4843993,4327026,64263,60933012,134246296,21797900,232079438,360475309
bc:229,84100 277180 -404739 -629776 668004 29520 3600,0.0005312731010954971,0.0003719369570151469,25000,17,18,3756224,854197364,531065,395765,491949,491949,12486399,254363,67069876,135234420,64959196,280885536,446935866
bc:229,84100 277180 -404739 -629776 668004 29520 3600,0.0005312731010954971,0.0001321227881625786,25000,17,22,3756224,854197364,531065,183699,491949,1608697,5701267,90052,68381708,88448802,27169620,197666644,314648427
bc:229,84100 277180 -404739 -629776 668004 29520 3600,0.0005312731010954971,9.422868453081102e-05,25000,17,26,3756224,854197364,531065,140184,491949,2089582,4327026,64263,69752478,82439632,20974640,187974956,298282068
bc:229,84100 277180 -404739 -629776 668004 29520 3600,0.022675181745615967,0.0016591251254151887,75000,8,14,31269968,7687714160,174119337,12929346,30040814,143351963,405584431,10306819,228866482,5144748084,2193988934,7615295918,12566096645
bc:229,84100 277180 -404739 -629776 668004 29520 3600,0.022675181745615967,0.0003719369570151469,75000,8,18,31269968,7687714160,174119337,3082010,30040814,171035229,98584571,2305950,235358522,2568414546,554984612,3411467946,5505957080
bc:229,84100 277180 -404739 -629776 668004 29520 3600,0.022675181745615967,0.0001321227881625786,75000,8,22,31269968,7687714160,174119337,1222678,30040814,179360001,38880721,817017,252359840,2201519514,228557972,2737402452,4223795143
bc:229,84100 277180 -404739 -629776 668004 29520 3600,0.022675181745615967,9.422868453081102e-05,75000,8,26,31269968,7687714160,174119337,894880,30040814,182506185,28391176,581752,246008132,2099790016,166710434,2566376020,4076277501
bc:229,84100 277180 -404739 -629776 668004 29520 3600,0.005929940500567178,0.0016591251254151887,75000,11,14,31269968,7687714160,45660211,12929346,23479990,56681588,405584431,10306819,307397080,4783715482,2218340658,7356518058,12187824845
bc:229,84100 277180 -404739 -629776 668004 29520 3600,0.005929940500567178,0.0003719369570151469,75000,11,18,31269968,7687714160,45660211,3082010,23479990,84364854,98584571,2305950,306537980,2225442126,541993864,3123579974,5099283896
bc:229,84100 277180 -404739 -629776 668004 29520 3600,0.005929940500567178,0.0001321227881625786,75000,11,22,31269968,7687714160,45660211,1222678,23479990,92689626,38880721,817017,322082150,1779403846,216584624,2369722522,3827868684
bc:229,84100 277180 -404739 -629776 668004 29520 3600,0.005929940500567178,9.422868453081102e-05,75000,11,26,31269968,7687714160,45660211,894880,23479990,95835810,28391176,581752,323209914,1740798602,162767378,2279807704,3681719655
bc:229,84100 277180 -404739 -629776 668004 29520 3600,0.0016591251254151887,0.0016591251254151887,75000,14,14,31269968,7687714160,12929346,12929346,10495678,0,405584431,10306819,379224596,4008702148,2189180296,6622886510,10960008442
bc:229,84100 277180 -404739 -629776 668004 29520 3600,0.0016591251254151887,0.0003719369570151469,75000,14,18,31269968,7687714160,12929346,3082010,10495678,27683266,98584571,2305950,399288208,1715173262,553368856,2718890394,4335978357
bc:229,84100 277180 -404739 -629776 668004 29520 3600,0.0016591251254151887,0.0001321227881625786,75000,14,22,31269968,7687714160,12929346,1222678,10495678,36008038,38880721,817017,410862400,1244257768,218388534,1926453290,3065876407
bc:229,84100 277180 -404739 -629776 668004 29520 3600,0.0016591251254151887,9.422868453081102e-05,75000,14,26,31269968,7687714160,12929346,894880,10495678,39154222,28391176,581752,400483086,1166553342,157791378,1778056256,2905452090
bc:229,84100 277180 -404739 -629776 668004 29520 3600,0.0005312731010954971,0.0003719369570151469,75000,17,18,31269968,7687714160,4297866,3082010,4005294,4005294,98584571,2305950,465783454,1166834810,536424578,2215684808,3647991281
bc:229,84100 277180 -404739 -629776 668004 29520 3600,0.0005312731010954971,0.0001321227881625786,75000,17,22,31269968,7687714160,4297866,1222678,4005294,12330066,38880721,817017,470217382,734591320,208060638,1466679776,2406479924
bc:229,84100 277180 -404739 -629776 668004 29520 3600,0.0005312731010954971,9.422868453081102e-05,75000,17,26,31269968,7687714160,4297866,894880,4005294,15476250,28391176,581752,503289088,721994354,162315240,1442388490,2258473034
bc:229,84100 277180 -404739 -629776 668004 29520 3600,0.022675181745615967,0.0016591251254151887,150000,8,14,122509232,30750794532,696224854,51254843,119926142,572151759,1609779540,41257595,889083912,21602464068,8533693904,31170486506,51644800523
bc:229,84100 277180 -404739 -629776 668004 29520 3600,0.022675181745615967,0.0003719369570151469,150000,8,18,122509232,30750794532,696224854,11835784,119926142,681324949,380171010,9228831,975187396,11750829178,2261765772,15154428732,22966985548
bc:229,84100 277180 -404739 -629776 668004 29520 3600,0.022675181745615967,0.0001321227881625786,150000,8,22,122509232,30750794532,696224854,4450040,119926142,712820773,142750593,3272179,983134770,9819077326,900134734,11874636900,17805535692
bc:229,84100 277180 -404739 -629776 668004 29520 3600,0.022675181745615967,9.422868453081102e-05,150000,8,26,122509232,30750794532,696224854,3202100,119926142,724173779,102618946,2329779,1024690670,9839798046,683222578,11731056370,17325074853
bc:229,84100 277180 -404739 -629776 668004 29520 3600,0.005929940500567178,0.0016591251254151887,150000,11,14,122509232,30750794532,182256221,51254843,93746364,226063899,1609779540,41257595,1501560702,22425756254,9693109934,33788849678,49681507463
bc:229,84100 277180 -404739 -629776 668004 29520 3600,0.005929940500567178,0.0003719369570151469,150000,11,18,122509232,30750794532,182256221,11835784,93746364,335237089,380171010,9228831,1302332876,10012667930,2289385780,13765624138,20794705657
bc:229,84100 277180 -404739 -629776 668004 29520 3600,0.005929940500567178,0.0001321227881625786,150000,11,22,122509232,30750794532,182256221,4450040,93746364,366732913,142750593,3272179,1399448872,8296645870,925209182,10801202900,15661770160
bc:229,84100 277180 -404739 -629776 668004 29520 3600,0.005929940500567178,9.422868453081102e-05,150000,11,26,122509232,30750794532,182256221,3202100,93746364,378085919,102618946,2329779,1481730626,8353447202,712826688,10741272388,15208614512
bc:229,84100 277180 -404739 -629776 668004 29520 3600,0.0016591251254151887,0.0016591251254151887,150000,14,14,122509232,30750794532,51254843,51254843,41651086,0,1609779540,41257595,1761010064,18159974330,9435746966,29509506540,44587096987
bc:229,84100 277180 -404739 -629776 668004 29520 3600,0.0016591251254151887,0.0003719369570151469,150000,14,18,122509232,30750794532,51254843,11835784,41651086,109173190,380171010,9228831,1624079872,7395871640,2246097562,11425227800,17369456001
bc:229,84100 277180 -404739 -629776 668004 29520 3600,0.0016591251254151887,0.0001321227881625786,150000,14,22,122509232,30750794532,51254843,4450040,41651086,140669014,142750593,3272179,1673993426,5510548356,889595906,8243792192,12159800928
bc:229,84100 277180 -404739 -629776 668004 29520 3600,0.0016591251254151887,9.422868453081102e-05,150000,14,26,122509232,30750794532,51254843,3202100,41651086,152022020,102618946,2329779,1828735842,5504060666,692968302,8208907464,11740618486
bc:229,84100 277180 -404739 -629776 668004 29520 3600,0.0005312731010954971,0.0003719369570151469,150000,17,18,122509232,30750794532,16704161,11835784,15587301,15587301,380171010,9228831,1997520008,5207441366,2280938484,9646259510,14409095959
bc:229,84100 277180 -404739 -629776 668004 29520 3600,0.0005312731010954971,0.0001321227881625786,150000,17,22,122509232,30750794532,16704161,4450040,15587301,47083125,142750593,3272179,1824348814,3001046286,805186740,5782222338,9287515890
bc:229,84100 277180 -404739 -629776 668004 29520 3600,0.0005312731010954971,9.422868453081102e-05,150000,17,26,122509232,30750794532,16704161,3202100,15587301,58436131,102618946,2329779,1879311114,2810803180,598892498,5451978700,8723936310
bc:1944,802022400 -4556248320 9004690000 5704997400 -7622962175 1184435670 180906625,0.028016910895125795,0.0028140208629838927,25000,8,14,1422016,325309189,9304165,966731,1282135,6763522,29494236,753124,17098892,327995168,176521792,538451638,836144692
bc:1944,802022400 -4556248320 9004690000 5704997400 -7622962175 1184435670 180906625,0.028016910895125795,0.0007808437083833846,25000,8,18,1422016,325309189,9304165,286119,1282135,8740013,9019955,209962,15280190,151696464,52928530,236684084,367076814
bc:1944,802022400 -4556248320 9004690000 5704997400 -7622962175 1184435670 180906625,0.028016910895125795,0.0002436896998912742,25000,8,22,1422016,325309189,9304165,105297,1282135,9479033,3277962,65800,15360088,102988360,18957602,153374478,243375666
bc:1944,802022400 -4556248320 9004690000 5704997400 -7622962175 1184435670 180906625,0.028016910895125795,0.00014476256870927829,25000,8,26,1422016,325309189,9304165,65124,1282135,9810390,2009511,38912,15560062,97147916,12621982,141949310,223959772
bc:1944,802022400 -4556248320 9004690000 5704997400 -7622962175 1184435670 180906625,0.008487388302358156,0.0028140208629838927,25000,11,14,1422016,325309189,2847990,966731,1142189,2975980,29494236,753124,23344338,312421006,173606812,526383342,827414942
bc:1944,802022400 -4556248320 9004690000 5704997400 -7622962175 1184435670 180906625,0.008487388302358156,0.0007808437083833846,25000,11,18,1422016,325309189,2847990,286119,1142189,4952471,9019955,209962,19262158,134047058,50912376,220073798,357324368
bc:1944,802022400 -4556248320 9004690000 5704997400 -7622962175 1184435670 180906625,0.008487388302358156,0.0002436896998912742,25000,11,22,1422016,325309189,2847990,105297,1142189,5691491,3277962,65800,20540268,92397880,19263598,149130512,234705218
bc:1944,802022400 -4556248320 9004690000 5704997400 -7622962175 1184435670 180906625,0.008487388302358156,0.00014476256870927829,25000,11,26,1422016,325309189,2847990,65124,1142189,6022848,2009511,38912,22018082,94896282,13976724,149719642,213643597
bc:1944,802022400 -4556248320 9004690000 5704997400 -7622962175 1184435670 180906625,0.0028140208629838927,0.0028140208629838927,25000,14,14,1422016,325309189,966731,966731,677550,0,29494236,753124,24005236,283479296,173071910,496126246,781442685
bc:1944,802022400 -4556248320 9004690000 5704997400 -7622962175 1184435670 180906625,0.0028140208629838927,0.0007808437083833846,25000,14,18,1422016,325309189,966731,286119,677550,1976491,9019955,209962,25620786,122953874,51803734,216727436,343504869
bc:1944,802022400 -4556248320 9004690000 5704997400 -7622962175 1184435670 180906625,0.0028140208629838927,0.0002436896998912742,25000,14,22,1422016,325309189,966731,105297,677550,2715511,3277962,65800,28124226,93098808,22572120,163440178,216105683
bc:1944,802022400 -4556248320 9004690000 5704997400 -7622962175 1184435670 180906625,0.0028140208629838927,0.00014476256870927829,25000,14,26,1422016,325309189,966731,65124,677550,3046868,2009511,38912,27646462,81484266,14357488,141666626,197834388
bc:1944,802022400 -4556248320 9004690000 5704997400 -7622962175 1184435670 180906625,0.0010706913419111712,0.0007808437083833846,25000,17,18,1422016,325309189,383527,286119,331271,331271,9019955,209962,37021068,110561612,58960930,223827906,311587791
bc:1944,802022400 -4556248320 9004690000 5704997400 -7622962175 1184435670 180906625,0.0010706913419111712,0.0002436896998912742,25000,17,22,1422016,325309189,383527,105297,331271,1070291,3277962,65800,33528794,62340194,21590336,136014936,188492608
bc:1944,802022400 -4556248320 9004690000 5704997400 -7622962175 1184435670 180906625,0.0010706913419111712,0.00014476256870927829,25000,17,26,1422016,325309189,383527,65124,331271,1401648,2009511,38912,44346430,65903484,17283744,149549934,174867796
bc:1944,802022400 -4556248320 9004690000 5704997400 -7622962175 1184435670 180906625,0.028016910895125795,0.0028140208629838927,75000,8,14,11207408,2760265458,78539145,8020911,10810623,56976159,245685455,6390095,98683726,2868041738,1436144124,4454086260,7258751652
bc:1944,802022400 -4556248320 9004690000 5704997400 -7622962175 1184435670 180906625,0.028016910895125795,0.0007808437083833846,75000,8,18,11207408,2760265458,78539145,2283025,10810623,73313523,72675801,1783656,93345502,1385654510,434165306,1963529852,3121844317
bc:1944,802022400 -4556248320 9004690000 5704997400 -7622962175 1184435670 180906625,0.028016910895125795,0.0002436896998912742,75000,8,22,11207408,2760265458,78539145,757994,10810623,79094468,24152798,557568,91202512,969916610,149890614,1261328630,1997480980
bc:1944,802022400 -4556248320 9004690000 5704997400 -7622962175 1184435670 180906625,0.028016910895125795,0.00014476256870927829,75000,8,26,11207408,2760265458,78539145,451564,10810623,81452797,14336621,330974,99632382,945168322,98411334,1199643376,1864267568
bc:1944,802022400 -4556248320 9004690000 5704997400 -7622962175 1184435670 180906625,0.008487388302358156,0.0028140208629838927,75000,11,14,11207408,2760265458,23938525,8020911,9630029,25026614,245685455,6390095,133564996,2768150538,1456568756,4407587256,7072518961
bc:1944,802022400 -4556248320 9004690000 5704997400 -7622962175 1184435670 180906625,0.008487388302358156,0.0007808437083833846,75000,11,18,11207408,2760265458,23938525,2283025,9630029,41363978,72675801,1783656,119675786,1226348660,422090574,1816578014,2957356708
bc:1944,802022400 -4556248320 9004690000 5704997400 -7622962175 1184435670 180906625,0.008487388302358156,0.0002436896998912742,75000,11,22,11207408,2760265458,23938525,757994,9630029,47144923,24152798,557568,128316390,845720586,149416216,1176571450,1861646627
bc:1944,802022400 -4556248320 9004690000 5704997400 -7622962175 1184435670 180906625,0.008487388302358156,0.00014476256870927829,75000,11,26,11207408,2760265458,23938525,451564,9630029,49503252,14336621,330974,126959362,811034372,95844818,1085250280,1701469692
bc:1944,802022400 -4556248320 9004690000 5704997400 -7622962175 1184435670 180906625,0.0028140208629838927,0.0028140208629838927,75000,14,14,11207408,2760265458,8020911,8020911,5652805,0,245685455,6390095,172459454,2552858480,1489878422,4265843350,6692100006
bc:1944,802022400 -4556248320 9004690000 5704997400 -7622962175 1184435670 180906625,0.0028140208629838927,0.0007808437083833846,75000,14,18,11207408,2760265458,8020911,2283025,5652805,16337364,72675801,1783656,149908064,1084344768,424553876,1707014002,2765402599
bc:1944,802022400 -4556248320 9004690000 5704997400 -7622962175 1184435670 180906625,0.0028140208629838927,0.0002436896998912742,75000,14,22,11207408,2760265458,8020911,757994,5652805,22118309,24152798,557568,159641436,699278862,148472978,1063670700,1679312483
bc:1944,802022400 -4556248320 9004690000 5704997400 -7622962175 1184435670 180906625,0.0028140208629838927,0.00014476256870927829,75000,14,26,11207408,2760265458,8020911,451564,5652805,24476638,14336621,330974,188802738,741367498,107680270,1095396792,1545402437
bc:1944,802022400 -4556248320 9004690000 5704997400 -7622962175 1184435670 180906625,0.0010706913419111712,0.0007808437083833846,75000,17,18,11207408,2760265458,3102653,2283025,2693645,2693645,72675801,1783656,176156342,826893490,421189302,1473698174,2397468621
bc:1944,802022400 -4556248320 9004690000 5704997400 -7622962175 1184435670 180906625,0.0010706913419111712,0.0002436896998912742,75000,17,22,11207408,2760265458,3102653,757994,2693645,8474590,24152798,557568,180996190,460181042,144877964,834888942,1337405499
bc:1944,802022400 -4556248320 9004690000 5704997400 -7622962175 1184435670 180906625,0.0010706913419111712,0.00014476256870927829,75000,17,26,11207408,2760265458,3102653,451564,2693645,10832919,14336621,330974,188171378,417999440,92698832,749246464,1192811548
bc:1944,802022400 -4556248320 9004690000 5704997400 -7622962175 1184435670 180906625,0.028016910895125795,0.0028140208629838927,150000,8,14,42688848,10723443180,304331300,30910478,41917194,220860840,947980516,24812696,361842468,11996246990,7560690646,20041338106,31997523733
bc:1944,802022400 -4556248320 9004690000 5704997400 -7622962175 1184435670 180906625,0.028016910895125795,0.0007808437083833846,150000,8,18,42688848,10723443180,304331300,8704028,41917194,283801915,277681622,6923480,335908628,5722853986,2197309518,8375887290,13444379542
bc:1944,802022400 -4556248320 9004690000 5704997400 -7622962175 1184435670 180906625,0.028016910895125795,0.0002436896998912742,150000,8,22,42688848,10723443180,304331300,2806460,41917194,305725815,90060862,2165042,338042136,4095845472,753947888,5311529814,8379281020
bc:1944,802022400 -4556248320 9004690000 5704997400 -7622962175 1184435670 180906625,0.028016910895125795,0.00014476256870927829,150000,8,26,42688848,10723443180,304331300,1648712,41917194,314419261,52854641,1283689,325827098,3893326738,461991990,4805490800,7662091135
bc:1944,802022400 -4556248320 9004690000 5704997400 -7622962175 1184435670 180906625,0.008487388302358156,0.0028140208629838927,150000,11,14,42688848,10723443180,92620747,30910478,37340140,96956208,947980516,24812696,474638114,11076439348,7438056856,19105423900,31030517570
bc:1944,802022400 -4556248320 9004690000 5704997400 -7622962175 1184435670 180906625,0.008487388302358156,0.0007808437083833846,150000,11,18,42688848,10723443180,92620747,8704028,37340140,159897283,277681622,6923480,442637584,5038230382,2166001524,7767006708,12600954230
bc:1944,802022400 -4556248320 9004690000 5704997400 -7622962175 1184435670 180906625,0.008487388302358156,0.0002436896998912742,150000,11,22,42688848,10723443180,92620747,2806460,37340140,181821183,90060862,2165042,444533960,3457494430,741452694,4763700402,7593916999
bc:1944,802022400 -4556248320 9004690000 5704997400 -7622962175 1184435670 180906625,0.008487388302358156,0.00014476256870927829,150000,11,26,42688848,10723443180,92620747,1648712,37340140,190514629,52854641,1283689,450533546,3323223374,463954294,4365478414,6900058363
bc:1944,802022400 -4556248320 9004690000 5704997400 -7622962175 1184435670 180906625,0.0028140208629838927,0.0028140208629838927,150000,14,14,42688848,10723443180,30910478,30910478,21833366,0,947980516,24812696,594876596,9959688222,7444464346,18113261274,29337662039
bc:1944,802022400 -4556248320 9004690000 5704997400 -7622962175 1184435670 180906625,0.0028140208629838927,0.0007808437083833846,150000,14,18,42688848,10723443180,30910478,8704028,21833366,62941075,277681622,6923480,553739640,4360107964,2154192608,7181506316,11675132399
bc:1944,802022400 -4556248320 9004690000 5704997400 -7622962175 1184435670 180906625,0.0028140208629838927,0.0002436896998912742,150000,14,22,42688848,10723443180,30910478,2806460,21833366,84864975,90060862,2165042,548104642,2770017572,726904882,4160899500,6729527805
bc:1944,802022400 -4556248320 9004690000 5704997400 -7622962175 1184435670 180906625,0.0028140208629838927,0.00014476256870927829,150000,14,26,42688848,10723443180,30910478,1648712,21833366,93558421,52854641,1283689,553910960,2605453988,452616838,3729268978,6001397684
bc:1944,802022400 -4556248320 9004690000 5704997400 -7622962175 1184435670 180906625,0.0010706913419111712,0.0007808437083833846,150000,17,18,42688848,10723443180,11874121,8704028,10329611,10329611,277681622,6923480,660585906,3334701704,2160249306,6271407040,10156615948
bc:1944,802022400 -4556248320 9004690000 5704997400 -7622962175 1184435670 180906625,0.0010706913419111712,0.0002436896998912742,150000,17,22,42688848,10723443180,11874121,2806460,10329611,32253511,90060862,2165042,654953518,1831613526,724406502,3330823696,5335012001
bc:1944,802022400 -4556248320 9004690000 5704997400 -7622962175 1184435670 180906625,0.0010706913419111712,0.00014476256870927829,150000,17,26,42688848,10723443180,11874121,1648712,10329611,40946957,52854641,1283689,647596962,1647872158,446080140,2856842408,4584502742
